path_sample1,path_sample2,label,distance,loss
'./NUS 3D 数据/sample1_standard\\70um 1um step_1.tif','./NUS 3D 数据/sample1_standard\\70um 1um step_10.tif',1.0,21.080286026000977,0.0
'./NUS 3D 数据/sample1_standard\\70um 1um step_1.tif','./NUS 3D 数据/sample1_standard\\70um 1um step_11.tif',1.0,59.02107620239258,0.0
'./NUS 3D 数据/sample1_standard\\70um 1um step_1.tif','./NUS 3D 数据/sample1_standard\\70um 1um step_12.tif',1.0,23.436586380004883,0.0
'./NUS 3D 数据/sample1_standard\\70um 1um step_1.tif','./NUS 3D 数据/sample1_standard\\70um 1um step_13.tif',1.0,20.467084884643555,0.0
'./NUS 3D 数据/sample1_standard\\70um 1um step_1.tif','./NUS 3D 数据/sample1_standard\\70um 1um step_14.tif',1.0,26.242774963378906,0.0
'./NUS 3D 数据/sample1_standard\\70um 1um step_1.tif','./NUS 3D 数据/sample1_standard\\70um 1um step_15.tif',1.0,21.224267959594727,0.0
'./NUS 3D 数据/sample1_standard\\70um 1um step_1.tif','./NUS 3D 数据/sample1_standard\\70um 1um step_16.tif',1.0,18.86827850341797,0.0
'./NUS 3D 数据/sample1_standard\\70um 1um step_1.tif','./NUS 3D 数据/sample1_standard\\70um 1um step_17.tif',1.0,22.272628784179688,0.0
'./NUS 3D 数据/sample1_standard\\70um 1um step_1.tif','./NUS 3D 数据/sample1_standard\\70um 1um step_18.tif',1.0,27.335926055908203,0.0
'./NUS 3D 数据/sample1_standard\\70um 1um step_1.tif','./NUS 3D 数据/sample1_standard\\70um 1um step_19.tif',1.0,27.23396873474121,0.0
'./NUS 3D 数据/sample1_standard\\70um 1um step_1.tif','./NUS 3D 数据/sample1_standard\\70um 1um step_2.tif',1.0,21.172508239746094,0.0
'./NUS 3D 数据/sample1_standard\\70um 1um step_1.tif','./NUS 3D 数据/sample1_standard\\70um 1um step_20.tif',1.0,26.590103149414062,0.0
'./NUS 3D 数据/sample1_standard\\70um 1um step_1.tif','./NUS 3D 数据/sample1_standard\\70um 1um step_21.tif',1.0,26.677471160888672,0.0
'./NUS 3D 数据/sample1_standard\\70um 1um step_1.tif','./NUS 3D 数据/sample1_standard\\70um 1um step_22.tif',1.0,39.7426643371582,0.0
'./NUS 3D 数据/sample1_standard\\70um 1um step_1.tif','./NUS 3D 数据/sample1_standard\\70um 1um step_23.tif',1.0,30.518898010253906,0.0
'./NUS 3D 数据/sample1_standard\\70um 1um step_1.tif','./NUS 3D 数据/sample1_standard\\70um 1um step_24.tif',1.0,26.959814071655273,0.0
'./NUS 3D 数据/sample1_standard\\70um 1um step_1.tif','./NUS 3D 数据/sample1_standard\\70um 1um step_25.tif',1.0,46.24516296386719,0.0
'./NUS 3D 数据/sample1_standard\\70um 1um step_1.tif','./NUS 3D 数据/sample1_standard\\70um 1um step_26.tif',1.0,40.22650146484375,0.0
'./NUS 3D 数据/sample1_standard\\70um 1um step_1.tif','./NUS 3D 数据/sample1_standard\\70um 1um step_27.tif',1.0,23.903762817382812,0.0
'./NUS 3D 数据/sample1_standard\\70um 1um step_1.tif','./NUS 3D 数据/sample1_standard\\70um 1um step_28.tif',1.0,20.016563415527344,0.0
'./NUS 3D 数据/sample1_standard\\70um 1um step_1.tif','./NUS 3D 数据/sample1_standard\\70um 1um step_29.tif',1.0,95.8794174194336,0.0
'./NUS 3D 数据/sample1_standard\\70um 1um step_1.tif','./NUS 3D 数据/sample1_standard\\70um 1um step_3.tif',1.0,17.643468856811523,0.0
'./NUS 3D 数据/sample1_standard\\70um 1um step_1.tif','./NUS 3D 数据/sample1_standard\\70um 1um step_30.tif',1.0,29.047679901123047,0.0
'./NUS 3D 数据/sample1_standard\\70um 1um step_1.tif','./NUS 3D 数据/sample1_standard\\70um 1um step_31.tif',1.0,36.971561431884766,0.0
'./NUS 3D 数据/sample1_standard\\70um 1um step_1.tif','./NUS 3D 数据/sample1_standard\\70um 1um step_32.tif',1.0,28.275470733642578,0.0
'./NUS 3D 数据/sample1_standard\\70um 1um step_1.tif','./NUS 3D 数据/sample1_standard\\70um 1um step_33.tif',1.0,23.129032135009766,0.0
'./NUS 3D 数据/sample1_standard\\70um 1um step_1.tif','./NUS 3D 数据/sample1_standard\\70um 1um step_34.tif',1.0,25.01770782470703,0.0
'./NUS 3D 数据/sample1_standard\\70um 1um step_1.tif','./NUS 3D 数据/sample1_standard\\70um 1um step_35.tif',1.0,22.191495895385742,0.0
'./NUS 3D 数据/sample1_standard\\70um 1um step_1.tif','./NUS 3D 数据/sample1_standard\\70um 1um step_36.tif',1.0,27.169078826904297,0.0
'./NUS 3D 数据/sample1_standard\\70um 1um step_1.tif','./NUS 3D 数据/sample1_standard\\70um 1um step_4.tif',1.0,39.141700744628906,0.0
'./NUS 3D 数据/sample1_standard\\70um 1um step_1.tif','./NUS 3D 数据/sample1_standard\\70um 1um step_5.tif',1.0,24.805273056030273,0.0
'./NUS 3D 数据/sample1_standard\\70um 1um step_1.tif','./NUS 3D 数据/sample1_standard\\70um 1um step_6.tif',1.0,23.54586410522461,0.0
'./NUS 3D 数据/sample1_standard\\70um 1um step_1.tif','./NUS 3D 数据/sample1_standard\\70um 1um step_7.tif',1.0,18.623491287231445,0.0
'./NUS 3D 数据/sample1_standard\\70um 1um step_1.tif','./NUS 3D 数据/sample1_standard\\70um 1um step_8.tif',1.0,28.204866409301758,0.0
'./NUS 3D 数据/sample1_standard\\70um 1um step_1.tif','./NUS 3D 数据/sample1_standard\\70um 1um step_9.tif',1.0,79.03789520263672,0.0
'./NUS 3D 数据/sample1_standard\\70um 1um step_10.tif','./NUS 3D 数据/sample1_standard\\70um 1um step_11.tif',1.0,41.34973907470703,0.0
'./NUS 3D 数据/sample1_standard\\70um 1um step_10.tif','./NUS 3D 数据/sample1_standard\\70um 1um step_12.tif',1.0,6.503530502319336,0.0
'./NUS 3D 数据/sample1_standard\\70um 1um step_10.tif','./NUS 3D 数据/sample1_standard\\70um 1um step_13.tif',1.0,10.600558280944824,0.0
'./NUS 3D 数据/sample1_standard\\70um 1um step_10.tif','./NUS 3D 数据/sample1_standard\\70um 1um step_14.tif',1.0,27.33926773071289,0.0
'./NUS 3D 数据/sample1_standard\\70um 1um step_10.tif','./NUS 3D 数据/sample1_standard\\70um 1um step_15.tif',1.0,12.35045337677002,0.0
'./NUS 3D 数据/sample1_standard\\70um 1um step_10.tif','./NUS 3D 数据/sample1_standard\\70um 1um step_16.tif',1.0,11.848200798034668,0.0
'./NUS 3D 数据/sample1_standard\\70um 1um step_10.tif','./NUS 3D 数据/sample1_standard\\70um 1um step_17.tif',1.0,10.889869689941406,0.0
'./NUS 3D 数据/sample1_standard\\70um 1um step_10.tif','./NUS 3D 数据/sample1_standard\\70um 1um step_18.tif',1.0,14.261119842529297,0.0
'./NUS 3D 数据/sample1_standard\\70um 1um step_10.tif','./NUS 3D 数据/sample1_standard\\70um 1um step_19.tif',1.0,12.279708862304688,0.0
'./NUS 3D 数据/sample1_standard\\70um 1um step_10.tif','./NUS 3D 数据/sample1_standard\\70um 1um step_2.tif',1.0,8.652798652648926,0.0
'./NUS 3D 数据/sample1_standard\\70um 1um step_10.tif','./NUS 3D 数据/sample1_standard\\70um 1um step_20.tif',1.0,15.689518928527832,0.0
'./NUS 3D 数据/sample1_standard\\70um 1um step_10.tif','./NUS 3D 数据/sample1_standard\\70um 1um step_21.tif',1.0,9.919145584106445,0.0
'./NUS 3D 数据/sample1_standard\\70um 1um step_10.tif','./NUS 3D 数据/sample1_standard\\70um 1um step_22.tif',1.0,23.450008392333984,0.0
'./NUS 3D 数据/sample1_standard\\70um 1um step_10.tif','./NUS 3D 数据/sample1_standard\\70um 1um step_23.tif',1.0,12.513227462768555,0.0
'./NUS 3D 数据/sample1_standard\\70um 1um step_10.tif','./NUS 3D 数据/sample1_standard\\70um 1um step_24.tif',1.0,9.273018836975098,0.0
'./NUS 3D 数据/sample1_standard\\70um 1um step_10.tif','./NUS 3D 数据/sample1_standard\\70um 1um step_25.tif',1.0,32.75258255004883,0.0
'./NUS 3D 数据/sample1_standard\\70um 1um step_10.tif','./NUS 3D 数据/sample1_standard\\70um 1um step_26.tif',1.0,22.212968826293945,0.0
'./NUS 3D 数据/sample1_standard\\70um 1um step_10.tif','./NUS 3D 数据/sample1_standard\\70um 1um step_27.tif',1.0,9.682860374450684,0.0
'./NUS 3D 数据/sample1_standard\\70um 1um step_10.tif','./NUS 3D 数据/sample1_standard\\70um 1um step_28.tif',1.0,21.299062728881836,0.0
'./NUS 3D 数据/sample1_standard\\70um 1um step_10.tif','./NUS 3D 数据/sample1_standard\\70um 1um step_29.tif',1.0,81.32568359375,0.0
'./NUS 3D 数据/sample1_standard\\70um 1um step_10.tif','./NUS 3D 数据/sample1_standard\\70um 1um step_3.tif',1.0,17.457862854003906,0.0
'./NUS 3D 数据/sample1_standard\\70um 1um step_10.tif','./NUS 3D 数据/sample1_standard\\70um 1um step_30.tif',1.0,11.757783889770508,0.0
'./NUS 3D 数据/sample1_standard\\70um 1um step_10.tif','./NUS 3D 数据/sample1_standard\\70um 1um step_31.tif',1.0,28.089555740356445,0.0
'./NUS 3D 数据/sample1_standard\\70um 1um step_10.tif','./NUS 3D 数据/sample1_standard\\70um 1um step_32.tif',1.0,16.372920989990234,0.0
'./NUS 3D 数据/sample1_standard\\70um 1um step_10.tif','./NUS 3D 数据/sample1_standard\\70um 1um step_33.tif',1.0,6.3207197189331055,0.0
'./NUS 3D 数据/sample1_standard\\70um 1um step_10.tif','./NUS 3D 数据/sample1_standard\\70um 1um step_34.tif',1.0,14.73597526550293,0.0
'./NUS 3D 数据/sample1_standard\\70um 1um step_10.tif','./NUS 3D 数据/sample1_standard\\70um 1um step_35.tif',1.0,19.306930541992188,0.0
'./NUS 3D 数据/sample1_standard\\70um 1um step_10.tif','./NUS 3D 数据/sample1_standard\\70um 1um step_36.tif',1.0,8.61497974395752,0.0
'./NUS 3D 数据/sample1_standard\\70um 1um step_10.tif','./NUS 3D 数据/sample1_standard\\70um 1um step_4.tif',1.0,20.78274154663086,0.0
'./NUS 3D 数据/sample1_standard\\70um 1um step_10.tif','./NUS 3D 数据/sample1_standard\\70um 1um step_5.tif',1.0,34.2340202331543,0.0
'./NUS 3D 数据/sample1_standard\\70um 1um step_10.tif','./NUS 3D 数据/sample1_standard\\70um 1um step_6.tif',1.0,16.67833709716797,0.0
'./NUS 3D 数据/sample1_standard\\70um 1um step_10.tif','./NUS 3D 数据/sample1_standard\\70um 1um step_7.tif',1.0,8.615032196044922,0.0
'./NUS 3D 数据/sample1_standard\\70um 1um step_10.tif','./NUS 3D 数据/sample1_standard\\70um 1um step_8.tif',1.0,38.03598403930664,0.0
'./NUS 3D 数据/sample1_standard\\70um 1um step_10.tif','./NUS 3D 数据/sample1_standard\\70um 1um step_9.tif',1.0,64.98715209960938,0.0
'./NUS 3D 数据/sample1_standard\\70um 1um step_11.tif','./NUS 3D 数据/sample1_standard\\70um 1um step_12.tif',1.0,41.11759948730469,0.0
'./NUS 3D 数据/sample1_standard\\70um 1um step_11.tif','./NUS 3D 数据/sample1_standard\\70um 1um step_13.tif',1.0,48.98115158081055,0.0
'./NUS 3D 数据/sample1_standard\\70um 1um step_11.tif','./NUS 3D 数据/sample1_standard\\70um 1um step_14.tif',1.0,53.70518493652344,0.0
'./NUS 3D 数据/sample1_standard\\70um 1um step_11.tif','./NUS 3D 数据/sample1_standard\\70um 1um step_15.tif',1.0,50.78849411010742,0.0
'./NUS 3D 数据/sample1_standard\\70um 1um step_11.tif','./NUS 3D 数据/sample1_standard\\70um 1um step_16.tif',1.0,43.8123779296875,0.0
'./NUS 3D 数据/sample1_standard\\70um 1um step_11.tif','./NUS 3D 数据/sample1_standard\\70um 1um step_17.tif',1.0,44.57627487182617,0.0
'./NUS 3D 数据/sample1_standard\\70um 1um step_11.tif','./NUS 3D 数据/sample1_standard\\70um 1um step_18.tif',1.0,47.99431610107422,0.0
'./NUS 3D 数据/sample1_standard\\70um 1um step_11.tif','./NUS 3D 数据/sample1_standard\\70um 1um step_19.tif',1.0,45.1551513671875,0.0
'./NUS 3D 数据/sample1_standard\\70um 1um step_11.tif','./NUS 3D 数据/sample1_standard\\70um 1um step_2.tif',1.0,38.344268798828125,0.0
'./NUS 3D 数据/sample1_standard\\70um 1um step_11.tif','./NUS 3D 数据/sample1_standard\\70um 1um step_20.tif',1.0,51.557159423828125,0.0
'./NUS 3D 数据/sample1_standard\\70um 1um step_11.tif','./NUS 3D 数据/sample1_standard\\70um 1um step_21.tif',1.0,42.00990676879883,0.0
'./NUS 3D 数据/sample1_standard\\70um 1um step_11.tif','./NUS 3D 数据/sample1_standard\\70um 1um step_22.tif',1.0,42.921024322509766,0.0
'./NUS 3D 数据/sample1_standard\\70um 1um step_11.tif','./NUS 3D 数据/sample1_standard\\70um 1um step_23.tif',1.0,38.94518280029297,0.0
'./NUS 3D 数据/sample1_standard\\70um 1um step_11.tif','./NUS 3D 数据/sample1_standard\\70um 1um step_24.tif',1.0,36.576881408691406,0.0
'./NUS 3D 数据/sample1_standard\\70um 1um step_11.tif','./NUS 3D 数据/sample1_standard\\70um 1um step_25.tif',1.0,49.114837646484375,0.0
'./NUS 3D 数据/sample1_standard\\70um 1um step_11.tif','./NUS 3D 数据/sample1_standard\\70um 1um step_26.tif',1.0,34.88747024536133,0.0
'./NUS 3D 数据/sample1_standard\\70um 1um step_11.tif','./NUS 3D 数据/sample1_standard\\70um 1um step_27.tif',1.0,45.94241714477539,0.0
'./NUS 3D 数据/sample1_standard\\70um 1um step_11.tif','./NUS 3D 数据/sample1_standard\\70um 1um step_28.tif',1.0,57.09900665283203,0.0
'./NUS 3D 数据/sample1_standard\\70um 1um step_11.tif','./NUS 3D 数据/sample1_standard\\70um 1um step_29.tif',1.0,70.98117065429688,0.0
'./NUS 3D 数据/sample1_standard\\70um 1um step_11.tif','./NUS 3D 数据/sample1_standard\\70um 1um step_3.tif',1.0,45.19789505004883,0.0
'./NUS 3D 数据/sample1_standard\\70um 1um step_11.tif','./NUS 3D 数据/sample1_standard\\70um 1um step_30.tif',1.0,41.45688247680664,0.0
'./NUS 3D 数据/sample1_standard\\70um 1um step_11.tif','./NUS 3D 数据/sample1_standard\\70um 1um step_31.tif',1.0,55.13446044921875,0.0
'./NUS 3D 数据/sample1_standard\\70um 1um step_11.tif','./NUS 3D 数据/sample1_standard\\70um 1um step_32.tif',1.0,46.6605339050293,0.0
'./NUS 3D 数据/sample1_standard\\70um 1um step_11.tif','./NUS 3D 数据/sample1_standard\\70um 1um step_33.tif',1.0,40.88980484008789,0.0
'./NUS 3D 数据/sample1_standard\\70um 1um step_11.tif','./NUS 3D 数据/sample1_standard\\70um 1um step_34.tif',1.0,49.9422721862793,0.0
'./NUS 3D 数据/sample1_standard\\70um 1um step_11.tif','./NUS 3D 数据/sample1_standard\\70um 1um step_35.tif',1.0,58.154090881347656,0.0
'./NUS 3D 数据/sample1_standard\\70um 1um step_11.tif','./NUS 3D 数据/sample1_standard\\70um 1um step_36.tif',1.0,40.82398986816406,0.0
'./NUS 3D 数据/sample1_standard\\70um 1um step_11.tif','./NUS 3D 数据/sample1_standard\\70um 1um step_4.tif',1.0,23.42597198486328,0.0
'./NUS 3D 数据/sample1_standard\\70um 1um step_11.tif','./NUS 3D 数据/sample1_standard\\70um 1um step_5.tif',1.0,74.64214324951172,0.0
'./NUS 3D 数据/sample1_standard\\70um 1um step_11.tif','./NUS 3D 数据/sample1_standard\\70um 1um step_6.tif',1.0,54.04335021972656,0.0
'./NUS 3D 数据/sample1_standard\\70um 1um step_11.tif','./NUS 3D 数据/sample1_standard\\70um 1um step_7.tif',1.0,47.48499298095703,0.0
'./NUS 3D 数据/sample1_standard\\70um 1um step_11.tif','./NUS 3D 数据/sample1_standard\\70um 1um step_8.tif',1.0,71.95263671875,0.0
'./NUS 3D 数据/sample1_standard\\70um 1um step_11.tif','./NUS 3D 数据/sample1_standard\\70um 1um step_9.tif',1.0,58.968658447265625,0.0
'./NUS 3D 数据/sample1_standard\\70um 1um step_12.tif','./NUS 3D 数据/sample1_standard\\70um 1um step_13.tif',1.0,15.300950050354004,0.0
'./NUS 3D 数据/sample1_standard\\70um 1um step_12.tif','./NUS 3D 数据/sample1_standard\\70um 1um step_14.tif',1.0,23.623090744018555,0.0
'./NUS 3D 数据/sample1_standard\\70um 1um step_12.tif','./NUS 3D 数据/sample1_standard\\70um 1um step_15.tif',1.0,10.671319007873535,0.0
'./NUS 3D 数据/sample1_standard\\70um 1um step_12.tif','./NUS 3D 数据/sample1_standard\\70um 1um step_16.tif',1.0,10.2054443359375,0.0
'./NUS 3D 数据/sample1_standard\\70um 1um step_12.tif','./NUS 3D 数据/sample1_standard\\70um 1um step_17.tif',1.0,6.18031644821167,0.0
'./NUS 3D 数据/sample1_standard\\70um 1um step_12.tif','./NUS 3D 数据/sample1_standard\\70um 1um step_18.tif',1.0,17.72247886657715,0.0
'./NUS 3D 数据/sample1_standard\\70um 1um step_12.tif','./NUS 3D 数据/sample1_standard\\70um 1um step_19.tif',1.0,16.44460105895996,0.0
'./NUS 3D 数据/sample1_standard\\70um 1um step_12.tif','./NUS 3D 数据/sample1_standard\\70um 1um step_2.tif',1.0,11.966737747192383,0.0
'./NUS 3D 数据/sample1_standard\\70um 1um step_12.tif','./NUS 3D 数据/sample1_standard\\70um 1um step_20.tif',1.0,18.16874122619629,0.0
'./NUS 3D 数据/sample1_standard\\70um 1um step_12.tif','./NUS 3D 数据/sample1_standard\\70um 1um step_21.tif',1.0,14.56419563293457,0.0
'./NUS 3D 数据/sample1_standard\\70um 1um step_12.tif','./NUS 3D 数据/sample1_standard\\70um 1um step_22.tif',1.0,27.021198272705078,0.0
'./NUS 3D 数据/sample1_standard\\70um 1um step_12.tif','./NUS 3D 数据/sample1_standard\\70um 1um step_23.tif',1.0,16.485803604125977,0.0
'./NUS 3D 数据/sample1_standard\\70um 1um step_12.tif','./NUS 3D 数据/sample1_standard\\70um 1um step_24.tif',1.0,9.42772388458252,0.0
'./NUS 3D 数据/sample1_standard\\70um 1um step_12.tif','./NUS 3D 数据/sample1_standard\\70um 1um step_25.tif',1.0,36.980125427246094,0.0
'./NUS 3D 数据/sample1_standard\\70um 1um step_12.tif','./NUS 3D 数据/sample1_standard\\70um 1um step_26.tif',1.0,25.62697982788086,0.0
'./NUS 3D 数据/sample1_standard\\70um 1um step_12.tif','./NUS 3D 数据/sample1_standard\\70um 1um step_27.tif',1.0,13.691773414611816,0.0
'./NUS 3D 数据/sample1_standard\\70um 1um step_12.tif','./NUS 3D 数据/sample1_standard\\70um 1um step_28.tif',1.0,18.66223907470703,0.0
'./NUS 3D 数据/sample1_standard\\70um 1um step_12.tif','./NUS 3D 数据/sample1_standard\\70um 1um step_29.tif',1.0,85.00457000732422,0.0
'./NUS 3D 数据/sample1_standard\\70um 1um step_12.tif','./NUS 3D 数据/sample1_standard\\70um 1um step_3.tif',1.0,19.06846809387207,0.0
'./NUS 3D 数据/sample1_standard\\70um 1um step_12.tif','./NUS 3D 数据/sample1_standard\\70um 1um step_30.tif',1.0,15.37280559539795,0.0
'./NUS 3D 数据/sample1_standard\\70um 1um step_12.tif','./NUS 3D 数据/sample1_standard\\70um 1um step_31.tif',1.0,32.49227523803711,0.0
'./NUS 3D 数据/sample1_standard\\70um 1um step_12.tif','./NUS 3D 数据/sample1_standard\\70um 1um step_32.tif',1.0,21.71634864807129,0.0
'./NUS 3D 数据/sample1_standard\\70um 1um step_12.tif','./NUS 3D 数据/sample1_standard\\70um 1um step_33.tif',1.0,12.1573486328125,0.0
'./NUS 3D 数据/sample1_standard\\70um 1um step_12.tif','./NUS 3D 数据/sample1_standard\\70um 1um step_34.tif',1.0,19.237083435058594,0.0
'./NUS 3D 数据/sample1_standard\\70um 1um step_12.tif','./NUS 3D 数据/sample1_standard\\70um 1um step_35.tif',1.0,21.35345458984375,0.0
'./NUS 3D 数据/sample1_standard\\70um 1um step_12.tif','./NUS 3D 数据/sample1_standard\\70um 1um step_36.tif',1.0,11.79598617553711,0.0
'./NUS 3D 数据/sample1_standard\\70um 1um step_12.tif','./NUS 3D 数据/sample1_standard\\70um 1um step_4.tif',1.0,22.097213745117188,0.0
'./NUS 3D 数据/sample1_standard\\70um 1um step_12.tif','./NUS 3D 数据/sample1_standard\\70um 1um step_5.tif',1.0,36.28403091430664,0.0
'./NUS 3D 数据/sample1_standard\\70um 1um step_12.tif','./NUS 3D 数据/sample1_standard\\70um 1um step_6.tif',1.0,20.41877555847168,0.0
'./NUS 3D 数据/sample1_standard\\70um 1um step_12.tif','./NUS 3D 数据/sample1_standard\\70um 1um step_7.tif',1.0,13.972490310668945,0.0
'./NUS 3D 数据/sample1_standard\\70um 1um step_12.tif','./NUS 3D 数据/sample1_standard\\70um 1um step_8.tif',1.0,35.357566833496094,0.0
'./NUS 3D 数据/sample1_standard\\70um 1um step_12.tif','./NUS 3D 数据/sample1_standard\\70um 1um step_9.tif',1.0,69.09993743896484,0.0
'./NUS 3D 数据/sample1_standard\\70um 1um step_13.tif','./NUS 3D 数据/sample1_standard\\70um 1um step_14.tif',1.0,34.31448745727539,0.0
'./NUS 3D 数据/sample1_standard\\70um 1um step_13.tif','./NUS 3D 数据/sample1_standard\\70um 1um step_15.tif',1.0,13.870697975158691,0.0
'./NUS 3D 数据/sample1_standard\\70um 1um step_13.tif','./NUS 3D 数据/sample1_standard\\70um 1um step_16.tif',1.0,20.369976043701172,0.0
'./NUS 3D 数据/sample1_standard\\70um 1um step_13.tif','./NUS 3D 数据/sample1_standard\\70um 1um step_17.tif',1.0,18.358556747436523,0.0
'./NUS 3D 数据/sample1_standard\\70um 1um step_13.tif','./NUS 3D 数据/sample1_standard\\70um 1um step_18.tif',1.0,7.6898369789123535,0.0
'./NUS 3D 数据/sample1_standard\\70um 1um step_13.tif','./NUS 3D 数据/sample1_standard\\70um 1um step_19.tif',1.0,7.318134784698486,0.0
'./NUS 3D 数据/sample1_standard\\70um 1um step_13.tif','./NUS 3D 数据/sample1_standard\\70um 1um step_2.tif',1.0,16.979196548461914,0.0
'./NUS 3D 数据/sample1_standard\\70um 1um step_13.tif','./NUS 3D 数据/sample1_standard\\70um 1um step_20.tif',1.0,8.485368728637695,0.0
'./NUS 3D 数据/sample1_standard\\70um 1um step_13.tif','./NUS 3D 数据/sample1_standard\\70um 1um step_21.tif',1.0,8.269159317016602,0.0
'./NUS 3D 数据/sample1_standard\\70um 1um step_13.tif','./NUS 3D 数据/sample1_standard\\70um 1um step_22.tif',1.0,19.863006591796875,0.0
'./NUS 3D 数据/sample1_standard\\70um 1um step_13.tif','./NUS 3D 数据/sample1_standard\\70um 1um step_23.tif',1.0,12.311952590942383,0.0
'./NUS 3D 数据/sample1_standard\\70um 1um step_13.tif','./NUS 3D 数据/sample1_standard\\70um 1um step_24.tif',1.0,16.65634536743164,0.0
'./NUS 3D 数据/sample1_standard\\70um 1um step_13.tif','./NUS 3D 数据/sample1_standard\\70um 1um step_25.tif',1.0,27.536958694458008,0.0
'./NUS 3D 数据/sample1_standard\\70um 1um step_13.tif','./NUS 3D 数据/sample1_standard\\70um 1um step_26.tif',1.0,22.144838333129883,0.0
'./NUS 3D 数据/sample1_standard\\70um 1um step_13.tif','./NUS 3D 数据/sample1_standard\\70um 1um step_27.tif',1.0,5.69860315322876,0.09084005653858185
'./NUS 3D 数据/sample1_standard\\70um 1um step_13.tif','./NUS 3D 数据/sample1_standard\\70um 1um step_28.tif',1.0,23.90167236328125,0.0
'./NUS 3D 数据/sample1_standard\\70um 1um step_13.tif','./NUS 3D 数据/sample1_standard\\70um 1um step_29.tif',1.0,79.17697143554688,0.0
'./NUS 3D 数据/sample1_standard\\70um 1um step_13.tif','./NUS 3D 数据/sample1_standard\\70um 1um step_3.tif',1.0,23.937198638916016,0.0
'./NUS 3D 数据/sample1_standard\\70um 1um step_13.tif','./NUS 3D 数据/sample1_standard\\70um 1um step_30.tif',1.0,10.287125587463379,0.0
'./NUS 3D 数据/sample1_standard\\70um 1um step_13.tif','./NUS 3D 数据/sample1_standard\\70um 1um step_31.tif',1.0,20.512042999267578,0.0
'./NUS 3D 数据/sample1_standard\\70um 1um step_13.tif','./NUS 3D 数据/sample1_standard\\70um 1um step_32.tif',1.0,9.836807250976562,0.0
'./NUS 3D 数据/sample1_standard\\70um 1um step_13.tif','./NUS 3D 数据/sample1_standard\\70um 1um step_33.tif',1.0,8.749592781066895,0.0
'./NUS 3D 数据/sample1_standard\\70um 1um step_13.tif','./NUS 3D 数据/sample1_standard\\70um 1um step_34.tif',1.0,5.823005676269531,0.03132699057459831
'./NUS 3D 数据/sample1_standard\\70um 1um step_13.tif','./NUS 3D 数据/sample1_standard\\70um 1um step_35.tif',1.0,12.680257797241211,0.0
'./NUS 3D 数据/sample1_standard\\70um 1um step_13.tif','./NUS 3D 数据/sample1_standard\\70um 1um step_36.tif',1.0,9.777695655822754,0.0
'./NUS 3D 数据/sample1_standard\\70um 1um step_13.tif','./NUS 3D 数据/sample1_standard\\70um 1um step_4.tif',1.0,27.269512176513672,0.0
'./NUS 3D 数据/sample1_standard\\70um 1um step_13.tif','./NUS 3D 数据/sample1_standard\\70um 1um step_5.tif',1.0,26.900535583496094,0.0
'./NUS 3D 数据/sample1_standard\\70um 1um step_13.tif','./NUS 3D 数据/sample1_standard\\70um 1um step_6.tif',1.0,7.341431617736816,0.0
'./NUS 3D 数据/sample1_standard\\70um 1um step_13.tif','./NUS 3D 数据/sample1_standard\\70um 1um step_7.tif',1.0,3.5568768978118896,5.968850612640381
'./NUS 3D 数据/sample1_standard\\70um 1um step_13.tif','./NUS 3D 数据/sample1_standard\\70um 1um step_8.tif',1.0,40.59077072143555,0.0
'./NUS 3D 数据/sample1_standard\\70um 1um step_13.tif','./NUS 3D 数据/sample1_standard\\70um 1um step_9.tif',1.0,62.4933967590332,0.0
'./NUS 3D 数据/sample1_standard\\70um 1um step_14.tif','./NUS 3D 数据/sample1_standard\\70um 1um step_15.tif',1.0,25.900522232055664,0.0
'./NUS 3D 数据/sample1_standard\\70um 1um step_14.tif','./NUS 3D 数据/sample1_standard\\70um 1um step_16.tif',1.0,17.13615608215332,0.0
'./NUS 3D 数据/sample1_standard\\70um 1um step_14.tif','./NUS 3D 数据/sample1_standard\\70um 1um step_17.tif',1.0,18.620559692382812,0.0
'./NUS 3D 数据/sample1_standard\\70um 1um step_14.tif','./NUS 3D 数据/sample1_standard\\70um 1um step_18.tif',1.0,38.26262664794922,0.0
'./NUS 3D 数据/sample1_standard\\70um 1um step_14.tif','./NUS 3D 数据/sample1_standard\\70um 1um step_19.tif',1.0,37.90803146362305,0.0
'./NUS 3D 数据/sample1_standard\\70um 1um step_14.tif','./NUS 3D 数据/sample1_standard\\70um 1um step_2.tif',1.0,26.27768325805664,0.0
'./NUS 3D 数据/sample1_standard\\70um 1um step_14.tif','./NUS 3D 数据/sample1_standard\\70um 1um step_20.tif',1.0,37.816593170166016,0.0
'./NUS 3D 数据/sample1_standard\\70um 1um step_14.tif','./NUS 3D 数据/sample1_standard\\70um 1um step_21.tif',1.0,36.283103942871094,0.0
'./NUS 3D 数据/sample1_standard\\70um 1um step_14.tif','./NUS 3D 数据/sample1_standard\\70um 1um step_22.tif',1.0,49.92508316040039,0.0
'./NUS 3D 数据/sample1_standard\\70um 1um step_14.tif','./NUS 3D 数据/sample1_standard\\70um 1um step_23.tif',1.0,38.624603271484375,0.0
'./NUS 3D 数据/sample1_standard\\70um 1um step_14.tif','./NUS 3D 数据/sample1_standard\\70um 1um step_24.tif',1.0,27.232439041137695,0.0
'./NUS 3D 数据/sample1_standard\\70um 1um step_14.tif','./NUS 3D 数据/sample1_standard\\70um 1um step_25.tif',1.0,59.793331146240234,0.0
'./NUS 3D 数据/sample1_standard\\70um 1um step_14.tif','./NUS 3D 数据/sample1_standard\\70um 1um step_26.tif',1.0,47.698429107666016,0.0
'./NUS 3D 数据/sample1_standard\\70um 1um step_14.tif','./NUS 3D 数据/sample1_standard\\70um 1um step_27.tif',1.0,33.83946990966797,0.0
'./NUS 3D 数据/sample1_standard\\70um 1um step_14.tif','./NUS 3D 数据/sample1_standard\\70um 1um step_28.tif',1.0,16.002784729003906,0.0
'./NUS 3D 数据/sample1_standard\\70um 1um step_14.tif','./NUS 3D 数据/sample1_standard\\70um 1um step_29.tif',1.0,107.4198226928711,0.0
'./NUS 3D 数据/sample1_standard\\70um 1um step_14.tif','./NUS 3D 数据/sample1_standard\\70um 1um step_3.tif',1.0,22.018953323364258,0.0
'./NUS 3D 数据/sample1_standard\\70um 1um step_14.tif','./NUS 3D 数据/sample1_standard\\70um 1um step_30.tif',1.0,37.412776947021484,0.0
'./NUS 3D 数据/sample1_standard\\70um 1um step_14.tif','./NUS 3D 数据/sample1_standard\\70um 1um step_31.tif',1.0,53.8236083984375,0.0
'./NUS 3D 数据/sample1_standard\\70um 1um step_14.tif','./NUS 3D 数据/sample1_standard\\70um 1um step_32.tif',1.0,42.61472702026367,0.0
'./NUS 3D 数据/sample1_standard\\70um 1um step_14.tif','./NUS 3D 数据/sample1_standard\\70um 1um step_33.tif',1.0,32.78866958618164,0.0
'./NUS 3D 数据/sample1_standard\\70um 1um step_14.tif','./NUS 3D 数据/sample1_standard\\70um 1um step_34.tif',1.0,39.322227478027344,0.0
'./NUS 3D 数据/sample1_standard\\70um 1um step_14.tif','./NUS 3D 数据/sample1_standard\\70um 1um step_35.tif',1.0,37.102970123291016,0.0
'./NUS 3D 数据/sample1_standard\\70um 1um step_14.tif','./NUS 3D 数据/sample1_standard\\70um 1um step_36.tif',1.0,33.90855026245117,0.0
'./NUS 3D 数据/sample1_standard\\70um 1um step_14.tif','./NUS 3D 数据/sample1_standard\\70um 1um step_4.tif',1.0,38.81562423706055,0.0
'./NUS 3D 数据/sample1_standard\\70um 1um step_14.tif','./NUS 3D 数据/sample1_standard\\70um 1um step_5.tif',1.0,44.24362564086914,0.0
'./NUS 3D 数据/sample1_standard\\70um 1um step_14.tif','./NUS 3D 数据/sample1_standard\\70um 1um step_6.tif',1.0,39.12129211425781,0.0
'./NUS 3D 数据/sample1_standard\\70um 1um step_14.tif','./NUS 3D 数据/sample1_standard\\70um 1um step_7.tif',1.0,32.356475830078125,0.0
'./NUS 3D 数据/sample1_standard\\70um 1um step_14.tif','./NUS 3D 数据/sample1_standard\\70um 1um step_8.tif',1.0,23.69586944580078,0.0
'./NUS 3D 数据/sample1_standard\\70um 1um step_14.tif','./NUS 3D 数据/sample1_standard\\70um 1um step_9.tif',1.0,91.3505859375,0.0
'./NUS 3D 数据/sample1_standard\\70um 1um step_15.tif','./NUS 3D 数据/sample1_standard\\70um 1um step_16.tif',1.0,15.745077133178711,0.0
'./NUS 3D 数据/sample1_standard\\70um 1um step_15.tif','./NUS 3D 数据/sample1_standard\\70um 1um step_17.tif',1.0,10.932731628417969,0.0
'./NUS 3D 数据/sample1_standard\\70um 1um step_15.tif','./NUS 3D 数据/sample1_standard\\70um 1um step_18.tif',1.0,16.837440490722656,0.0
'./NUS 3D 数据/sample1_standard\\70um 1um step_15.tif','./NUS 3D 数据/sample1_standard\\70um 1um step_19.tif',1.0,17.120220184326172,0.0
'./NUS 3D 数据/sample1_standard\\70um 1um step_15.tif','./NUS 3D 数据/sample1_standard\\70um 1um step_2.tif',1.0,19.639320373535156,0.0
'./NUS 3D 数据/sample1_standard\\70um 1um step_15.tif','./NUS 3D 数据/sample1_standard\\70um 1um step_20.tif',1.0,14.13054370880127,0.0
'./NUS 3D 数据/sample1_standard\\70um 1um step_15.tif','./NUS 3D 数据/sample1_standard\\70um 1um step_21.tif',1.0,17.42173957824707,0.0
'./NUS 3D 数据/sample1_standard\\70um 1um step_15.tif','./NUS 3D 数据/sample1_standard\\70um 1um step_22.tif',1.0,28.697799682617188,0.0
'./NUS 3D 数据/sample1_standard\\70um 1um step_15.tif','./NUS 3D 数据/sample1_standard\\70um 1um step_23.tif',1.0,20.621015548706055,0.0
'./NUS 3D 数据/sample1_standard\\70um 1um step_15.tif','./NUS 3D 数据/sample1_standard\\70um 1um step_24.tif',1.0,17.908016204833984,0.0
'./NUS 3D 数据/sample1_standard\\70um 1um step_15.tif','./NUS 3D 数据/sample1_standard\\70um 1um step_25.tif',1.0,37.77995300292969,0.0
'./NUS 3D 数据/sample1_standard\\70um 1um step_15.tif','./NUS 3D 数据/sample1_standard\\70um 1um step_26.tif',1.0,30.34777069091797,0.0
'./NUS 3D 数据/sample1_standard\\70um 1um step_15.tif','./NUS 3D 数据/sample1_standard\\70um 1um step_27.tif',1.0,14.126080513000488,0.0
'./NUS 3D 数据/sample1_standard\\70um 1um step_15.tif','./NUS 3D 数据/sample1_standard\\70um 1um step_28.tif',1.0,15.638810157775879,0.0
'./NUS 3D 数据/sample1_standard\\70um 1um step_15.tif','./NUS 3D 数据/sample1_standard\\70um 1um step_29.tif',1.0,88.36766815185547,0.0
'./NUS 3D 数据/sample1_standard\\70um 1um step_15.tif','./NUS 3D 数据/sample1_standard\\70um 1um step_3.tif',1.0,24.237167358398438,0.0
'./NUS 3D 数据/sample1_standard\\70um 1um step_15.tif','./NUS 3D 数据/sample1_standard\\70um 1um step_30.tif',1.0,18.280942916870117,0.0
'./NUS 3D 数据/sample1_standard\\70um 1um step_15.tif','./NUS 3D 数据/sample1_standard\\70um 1um step_31.tif',1.0,30.25458526611328,0.0
'./NUS 3D 数据/sample1_standard\\70um 1um step_15.tif','./NUS 3D 数据/sample1_standard\\70um 1um step_32.tif',1.0,22.4195613861084,0.0
'./NUS 3D 数据/sample1_standard\\70um 1um step_15.tif','./NUS 3D 数据/sample1_standard\\70um 1um step_33.tif',1.0,16.66507911682129,0.0
'./NUS 3D 数据/sample1_standard\\70um 1um step_15.tif','./NUS 3D 数据/sample1_standard\\70um 1um step_34.tif',1.0,17.2907657623291,0.0
'./NUS 3D 数据/sample1_standard\\70um 1um step_15.tif','./NUS 3D 数据/sample1_standard\\70um 1um step_35.tif',1.0,13.533632278442383,0.0
'./NUS 3D 数据/sample1_standard\\70um 1um step_15.tif','./NUS 3D 数据/sample1_standard\\70um 1um step_36.tif',1.0,15.594654083251953,0.0
'./NUS 3D 数据/sample1_standard\\70um 1um step_15.tif','./NUS 3D 数据/sample1_standard\\70um 1um step_4.tif',1.0,31.203880310058594,0.0
'./NUS 3D 数据/sample1_standard\\70um 1um step_15.tif','./NUS 3D 数据/sample1_standard\\70um 1um step_5.tif',1.0,27.641040802001953,0.0
'./NUS 3D 数据/sample1_standard\\70um 1um step_15.tif','./NUS 3D 数据/sample1_standard\\70um 1um step_6.tif',1.0,15.817408561706543,0.0
'./NUS 3D 数据/sample1_standard\\70um 1um step_15.tif','./NUS 3D 数据/sample1_standard\\70um 1um step_7.tif',1.0,14.10856819152832,0.0
'./NUS 3D 数据/sample1_standard\\70um 1um step_15.tif','./NUS 3D 数据/sample1_standard\\70um 1um step_8.tif',1.0,30.40036964416504,0.0
'./NUS 3D 数据/sample1_standard\\70um 1um step_15.tif','./NUS 3D 数据/sample1_standard\\70um 1um step_9.tif',1.0,72.47872924804688,0.0
'./NUS 3D 数据/sample1_standard\\70um 1um step_16.tif','./NUS 3D 数据/sample1_standard\\70um 1um step_17.tif',1.0,8.9844331741333,0.0
'./NUS 3D 数据/sample1_standard\\70um 1um step_16.tif','./NUS 3D 数据/sample1_standard\\70um 1um step_18.tif',1.0,25.100622177124023,0.0
'./NUS 3D 数据/sample1_standard\\70um 1um step_16.tif','./NUS 3D 数据/sample1_standard\\70um 1um step_19.tif',1.0,23.71517562866211,0.0
'./NUS 3D 数据/sample1_standard\\70um 1um step_16.tif','./NUS 3D 数据/sample1_standard\\70um 1um step_2.tif',1.0,10.68954849243164,0.0
'./NUS 3D 数据/sample1_standard\\70um 1um step_16.tif','./NUS 3D 数据/sample1_standard\\70um 1um step_20.tif',1.0,25.49801254272461,0.0
'./NUS 3D 数据/sample1_standard\\70um 1um step_16.tif','./NUS 3D 数据/sample1_standard\\70um 1um step_21.tif',1.0,21.51192283630371,0.0
'./NUS 3D 数据/sample1_standard\\70um 1um step_16.tif','./NUS 3D 数据/sample1_standard\\70um 1um step_22.tif',1.0,35.02803039550781,0.0
'./NUS 3D 数据/sample1_standard\\70um 1um step_16.tif','./NUS 3D 数据/sample1_standard\\70um 1um step_23.tif',1.0,23.763330459594727,0.0
'./NUS 3D 数据/sample1_standard\\70um 1um step_16.tif','./NUS 3D 数据/sample1_standard\\70um 1um step_24.tif',1.0,14.832118034362793,0.0
'./NUS 3D 数据/sample1_standard\\70um 1um step_16.tif','./NUS 3D 数据/sample1_standard\\70um 1um step_25.tif',1.0,44.30853271484375,0.0
'./NUS 3D 数据/sample1_standard\\70um 1um step_16.tif','./NUS 3D 数据/sample1_standard\\70um 1um step_26.tif',1.0,32.6854133605957,0.0
'./NUS 3D 数据/sample1_standard\\70um 1um step_16.tif','./NUS 3D 数据/sample1_standard\\70um 1um step_27.tif',1.0,20.1101016998291,0.0
'./NUS 3D 数据/sample1_standard\\70um 1um step_16.tif','./NUS 3D 数据/sample1_standard\\70um 1um step_28.tif',1.0,17.13006019592285,0.0
'./NUS 3D 数据/sample1_standard\\70um 1um step_16.tif','./NUS 3D 数据/sample1_standard\\70um 1um step_29.tif',1.0,91.44935607910156,0.0
'./NUS 3D 数据/sample1_standard\\70um 1um step_16.tif','./NUS 3D 数据/sample1_standard\\70um 1um step_3.tif',1.0,11.321590423583984,0.0
'./NUS 3D 数据/sample1_standard\\70um 1um step_16.tif','./NUS 3D 数据/sample1_standard\\70um 1um step_30.tif',1.0,23.25636863708496,0.0
'./NUS 3D 数据/sample1_standard\\70um 1um step_16.tif','./NUS 3D 数据/sample1_standard\\70um 1um step_31.tif',1.0,38.8303337097168,0.0
'./NUS 3D 数据/sample1_standard\\70um 1um step_16.tif','./NUS 3D 数据/sample1_standard\\70um 1um step_32.tif',1.0,27.569181442260742,0.0
'./NUS 3D 数据/sample1_standard\\70um 1um step_16.tif','./NUS 3D 数据/sample1_standard\\70um 1um step_33.tif',1.0,17.15732765197754,0.0
'./NUS 3D 数据/sample1_standard\\70um 1um step_16.tif','./NUS 3D 数据/sample1_standard\\70um 1um step_34.tif',1.0,25.143354415893555,0.0
'./NUS 3D 数据/sample1_standard\\70um 1um step_16.tif','./NUS 3D 数据/sample1_standard\\70um 1um step_35.tif',1.0,25.865863800048828,0.0
'./NUS 3D 数据/sample1_standard\\70um 1um step_16.tif','./NUS 3D 数据/sample1_standard\\70um 1um step_36.tif',1.0,19.72579574584961,0.0
'./NUS 3D 数据/sample1_standard\\70um 1um step_16.tif','./NUS 3D 数据/sample1_standard\\70um 1um step_4.tif',1.0,26.089908599853516,0.0
'./NUS 3D 数据/sample1_standard\\70um 1um step_16.tif','./NUS 3D 数据/sample1_standard\\70um 1um step_5.tif',1.0,37.547119140625,0.0
'./NUS 3D 数据/sample1_standard\\70um 1um step_16.tif','./NUS 3D 数据/sample1_standard\\70um 1um step_6.tif',1.0,25.996440887451172,0.0
'./NUS 3D 数据/sample1_standard\\70um 1um step_16.tif','./NUS 3D 数据/sample1_standard\\70um 1um step_7.tif',1.0,17.79888153076172,0.0
'./NUS 3D 数据/sample1_standard\\70um 1um step_16.tif','./NUS 3D 数据/sample1_standard\\70um 1um step_8.tif',1.0,30.715087890625,0.0
'./NUS 3D 数据/sample1_standard\\70um 1um step_16.tif','./NUS 3D 数据/sample1_standard\\70um 1um step_9.tif',1.0,75.19576263427734,0.0
'./NUS 3D 数据/sample1_standard\\70um 1um step_17.tif','./NUS 3D 数据/sample1_standard\\70um 1um step_18.tif',1.0,20.931896209716797,0.0
'./NUS 3D 数据/sample1_standard\\70um 1um step_17.tif','./NUS 3D 数据/sample1_standard\\70um 1um step_19.tif',1.0,20.405303955078125,0.0
'./NUS 3D 数据/sample1_standard\\70um 1um step_17.tif','./NUS 3D 数据/sample1_standard\\70um 1um step_2.tif',1.0,14.639409065246582,0.0
'./NUS 3D 数据/sample1_standard\\70um 1um step_17.tif','./NUS 3D 数据/sample1_standard\\70um 1um step_20.tif',1.0,20.8360538482666,0.0
'./NUS 3D 数据/sample1_standard\\70um 1um step_17.tif','./NUS 3D 数据/sample1_standard\\70um 1um step_21.tif',1.0,18.94936180114746,0.0
'./NUS 3D 数据/sample1_standard\\70um 1um step_17.tif','./NUS 3D 数据/sample1_standard\\70um 1um step_22.tif',1.0,31.908369064331055,0.0
'./NUS 3D 数据/sample1_standard\\70um 1um step_17.tif','./NUS 3D 数据/sample1_standard\\70um 1um step_23.tif',1.0,21.244190216064453,0.0
'./NUS 3D 数据/sample1_standard\\70um 1um step_17.tif','./NUS 3D 数据/sample1_standard\\70um 1um step_24.tif',1.0,12.119776725769043,0.0
'./NUS 3D 数据/sample1_standard\\70um 1um step_17.tif','./NUS 3D 数据/sample1_standard\\70um 1um step_25.tif',1.0,41.9695930480957,0.0
'./NUS 3D 数据/sample1_standard\\70um 1um step_17.tif','./NUS 3D 数据/sample1_standard\\70um 1um step_26.tif',1.0,30.748641967773438,0.0
'./NUS 3D 数据/sample1_standard\\70um 1um step_17.tif','./NUS 3D 数据/sample1_standard\\70um 1um step_27.tif',1.0,16.88438606262207,0.0
'./NUS 3D 数据/sample1_standard\\70um 1um step_17.tif','./NUS 3D 数据/sample1_standard\\70um 1um step_28.tif',1.0,13.554747581481934,0.0
'./NUS 3D 数据/sample1_standard\\70um 1um step_17.tif','./NUS 3D 数据/sample1_standard\\70um 1um step_29.tif',1.0,90.63206481933594,0.0
'./NUS 3D 数据/sample1_standard\\70um 1um step_17.tif','./NUS 3D 数据/sample1_standard\\70um 1um step_3.tif',1.0,18.801239013671875,0.0
'./NUS 3D 数据/sample1_standard\\70um 1um step_17.tif','./NUS 3D 数据/sample1_standard\\70um 1um step_30.tif',1.0,19.704545974731445,0.0
'./NUS 3D 数据/sample1_standard\\70um 1um step_17.tif','./NUS 3D 数据/sample1_standard\\70um 1um step_31.tif',1.0,36.871978759765625,0.0
'./NUS 3D 数据/sample1_standard\\70um 1um step_17.tif','./NUS 3D 数据/sample1_standard\\70um 1um step_32.tif',1.0,25.936012268066406,0.0
'./NUS 3D 数据/sample1_standard\\70um 1um step_17.tif','./NUS 3D 数据/sample1_standard\\70um 1um step_33.tif',1.0,16.593564987182617,0.0
'./NUS 3D 数据/sample1_standard\\70um 1um step_17.tif','./NUS 3D 数据/sample1_standard\\70um 1um step_34.tif',1.0,22.75541114807129,0.0
'./NUS 3D 数据/sample1_standard\\70um 1um step_17.tif','./NUS 3D 数据/sample1_standard\\70um 1um step_35.tif',1.0,23.04678726196289,0.0
'./NUS 3D 数据/sample1_standard\\70um 1um step_17.tif','./NUS 3D 数据/sample1_standard\\70um 1um step_36.tif',1.0,16.117467880249023,0.0
'./NUS 3D 数据/sample1_standard\\70um 1um step_17.tif','./NUS 3D 数据/sample1_standard\\70um 1um step_4.tif',1.0,25.90310287475586,0.0
'./NUS 3D 数据/sample1_standard\\70um 1um step_17.tif','./NUS 3D 数据/sample1_standard\\70um 1um step_5.tif',1.0,36.06394958496094,0.0
'./NUS 3D 数据/sample1_standard\\70um 1um step_17.tif','./NUS 3D 数据/sample1_standard\\70um 1um step_6.tif',1.0,23.272592544555664,0.0
'./NUS 3D 数据/sample1_standard\\70um 1um step_17.tif','./NUS 3D 数据/sample1_standard\\70um 1um step_7.tif',1.0,17.025741577148438,0.0
'./NUS 3D 数据/sample1_standard\\70um 1um step_17.tif','./NUS 3D 数据/sample1_standard\\70um 1um step_8.tif',1.0,31.269197463989258,0.0
'./NUS 3D 数据/sample1_standard\\70um 1um step_17.tif','./NUS 3D 数据/sample1_standard\\70um 1um step_9.tif',1.0,74.65335845947266,0.0
'./NUS 3D 数据/sample1_standard\\70um 1um step_18.tif','./NUS 3D 数据/sample1_standard\\70um 1um step_19.tif',1.0,3.7713918685913086,4.966694355010986
'./NUS 3D 数据/sample1_standard\\70um 1um step_18.tif','./NUS 3D 数据/sample1_standard\\70um 1um step_2.tif',1.0,21.161487579345703,0.0
'./NUS 3D 数据/sample1_standard\\70um 1um step_18.tif','./NUS 3D 数据/sample1_standard\\70um 1um step_20.tif',1.0,5.750766277313232,0.062117449939250946
'./NUS 3D 数据/sample1_standard\\70um 1um step_18.tif','./NUS 3D 数据/sample1_standard\\70um 1um step_21.tif',1.0,7.176901340484619,0.0
'./NUS 3D 数据/sample1_standard\\70um 1um step_18.tif','./NUS 3D 数据/sample1_standard\\70um 1um step_22.tif',1.0,14.981664657592773,0.0
'./NUS 3D 数据/sample1_standard\\70um 1um step_18.tif','./NUS 3D 数据/sample1_standard\\70um 1um step_23.tif',1.0,9.888498306274414,0.0
'./NUS 3D 数据/sample1_standard\\70um 1um step_18.tif','./NUS 3D 数据/sample1_standard\\70um 1um step_24.tif',1.0,17.25516128540039,0.0
'./NUS 3D 数据/sample1_standard\\70um 1um step_18.tif','./NUS 3D 数据/sample1_standard\\70um 1um step_25.tif',1.0,23.622716903686523,0.0
'./NUS 3D 数据/sample1_standard\\70um 1um step_18.tif','./NUS 3D 数据/sample1_standard\\70um 1um step_26.tif',1.0,18.812969207763672,0.0
'./NUS 3D 数据/sample1_standard\\70um 1um step_18.tif','./NUS 3D 数据/sample1_standard\\70um 1um step_27.tif',1.0,5.908470153808594,0.008377713151276112
'./NUS 3D 数据/sample1_standard\\70um 1um step_18.tif','./NUS 3D 数据/sample1_standard\\70um 1um step_28.tif',1.0,27.05479621887207,0.0
'./NUS 3D 数据/sample1_standard\\70um 1um step_18.tif','./NUS 3D 数据/sample1_standard\\70um 1um step_29.tif',1.0,75.83355712890625,0.0
'./NUS 3D 数据/sample1_standard\\70um 1um step_18.tif','./NUS 3D 数据/sample1_standard\\70um 1um step_3.tif',1.0,29.59601593017578,0.0
'./NUS 3D 数据/sample1_standard\\70um 1um step_18.tif','./NUS 3D 数据/sample1_standard\\70um 1um step_30.tif',1.0,6.75543212890625,0.0
'./NUS 3D 数据/sample1_standard\\70um 1um step_18.tif','./NUS 3D 数据/sample1_standard\\70um 1um step_31.tif',1.0,19.08139991760254,0.0
'./NUS 3D 数据/sample1_standard\\70um 1um step_18.tif','./NUS 3D 数据/sample1_standard\\70um 1um step_32.tif',1.0,8.9514741897583,0.0
'./NUS 3D 数据/sample1_standard\\70um 1um step_18.tif','./NUS 3D 数据/sample1_standard\\70um 1um step_33.tif',1.0,11.646989822387695,0.0
'./NUS 3D 数据/sample1_standard\\70um 1um step_18.tif','./NUS 3D 数据/sample1_standard\\70um 1um step_34.tif',1.0,6.471835136413574,0.0
'./NUS 3D 数据/sample1_standard\\70um 1um step_18.tif','./NUS 3D 数据/sample1_standard\\70um 1um step_35.tif',1.0,15.823699951171875,0.0
'./NUS 3D 数据/sample1_standard\\70um 1um step_18.tif','./NUS 3D 数据/sample1_standard\\70um 1um step_36.tif',1.0,8.280257225036621,0.0
'./NUS 3D 数据/sample1_standard\\70um 1um step_18.tif','./NUS 3D 数据/sample1_standard\\70um 1um step_4.tif',1.0,26.405794143676758,0.0
'./NUS 3D 数据/sample1_standard\\70um 1um step_18.tif','./NUS 3D 数据/sample1_standard\\70um 1um step_5.tif',1.0,30.55195426940918,0.0
'./NUS 3D 数据/sample1_standard\\70um 1um step_18.tif','./NUS 3D 数据/sample1_standard\\70um 1um step_6.tif',1.0,9.372081756591797,0.0
'./NUS 3D 数据/sample1_standard\\70um 1um step_18.tif','./NUS 3D 数据/sample1_standard\\70um 1um step_7.tif',1.0,10.274730682373047,0.0
'./NUS 3D 数据/sample1_standard\\70um 1um step_18.tif','./NUS 3D 数据/sample1_standard\\70um 1um step_8.tif',1.0,45.48406219482422,0.0
'./NUS 3D 数据/sample1_standard\\70um 1um step_18.tif','./NUS 3D 数据/sample1_standard\\70um 1um step_9.tif',1.0,59.42123031616211,0.0
'./NUS 3D 数据/sample1_standard\\70um 1um step_19.tif','./NUS 3D 数据/sample1_standard\\70um 1um step_2.tif',1.0,18.765491485595703,0.0
'./NUS 3D 数据/sample1_standard\\70um 1um step_19.tif','./NUS 3D 数据/sample1_standard\\70um 1um step_20.tif',1.0,8.176679611206055,0.0
'./NUS 3D 数据/sample1_standard\\70um 1um step_19.tif','./NUS 3D 数据/sample1_standard\\70um 1um step_21.tif',1.0,3.9720215797424316,4.112696647644043
'./NUS 3D 数据/sample1_standard\\70um 1um step_19.tif','./NUS 3D 数据/sample1_standard\\70um 1um step_22.tif',1.0,13.521333694458008,0.0
'./NUS 3D 数据/sample1_standard\\70um 1um step_19.tif','./NUS 3D 数据/sample1_standard\\70um 1um step_23.tif',1.0,6.8610358238220215,0.0
'./NUS 3D 数据/sample1_standard\\70um 1um step_19.tif','./NUS 3D 数据/sample1_standard\\70um 1um step_24.tif',1.0,15.621715545654297,0.0
'./NUS 3D 数据/sample1_standard\\70um 1um step_19.tif','./NUS 3D 数据/sample1_standard\\70um 1um step_25.tif',1.0,22.618661880493164,0.0
'./NUS 3D 数据/sample1_standard\\70um 1um step_19.tif','./NUS 3D 数据/sample1_standard\\70um 1um step_26.tif',1.0,16.257308959960938,0.0
'./NUS 3D 数据/sample1_standard\\70um 1um step_19.tif','./NUS 3D 数据/sample1_standard\\70um 1um step_27.tif',1.0,4.960350036621094,1.0808720588684082
'./NUS 3D 数据/sample1_standard\\70um 1um step_19.tif','./NUS 3D 数据/sample1_standard\\70um 1um step_28.tif',1.0,27.93804359436035,0.0
'./NUS 3D 数据/sample1_standard\\70um 1um step_19.tif','./NUS 3D 数据/sample1_standard\\70um 1um step_29.tif',1.0,74.05663299560547,0.0
'./NUS 3D 数据/sample1_standard\\70um 1um step_19.tif','./NUS 3D 数据/sample1_standard\\70um 1um step_3.tif',1.0,27.765846252441406,0.0
'./NUS 3D 数据/sample1_standard\\70um 1um step_19.tif','./NUS 3D 数据/sample1_standard\\70um 1um step_30.tif',1.0,4.386275768280029,2.6041059494018555
'./NUS 3D 数据/sample1_standard\\70um 1um step_19.tif','./NUS 3D 数据/sample1_standard\\70um 1um step_31.tif',1.0,18.878374099731445,0.0
'./NUS 3D 数据/sample1_standard\\70um 1um step_19.tif','./NUS 3D 数据/sample1_standard\\70um 1um step_32.tif',1.0,7.055912017822266,0.0
'./NUS 3D 数据/sample1_standard\\70um 1um step_19.tif','./NUS 3D 数据/sample1_standard\\70um 1um step_33.tif',1.0,8.882437705993652,0.0
'./NUS 3D 数据/sample1_standard\\70um 1um step_19.tif','./NUS 3D 数据/sample1_standard\\70um 1um step_34.tif',1.0,6.395003318786621,0.0
'./NUS 3D 数据/sample1_standard\\70um 1um step_19.tif','./NUS 3D 数据/sample1_standard\\70um 1um step_35.tif',1.0,17.0900936126709,0.0
'./NUS 3D 数据/sample1_standard\\70um 1um step_19.tif','./NUS 3D 数据/sample1_standard\\70um 1um step_36.tif',1.0,6.191327095031738,0.0
'./NUS 3D 数据/sample1_standard\\70um 1um step_19.tif','./NUS 3D 数据/sample1_standard\\70um 1um step_4.tif',1.0,23.614736557006836,0.0
'./NUS 3D 数据/sample1_standard\\70um 1um step_19.tif','./NUS 3D 数据/sample1_standard\\70um 1um step_5.tif',1.0,32.396995544433594,0.0
'./NUS 3D 数据/sample1_standard\\70um 1um step_19.tif','./NUS 3D 数据/sample1_standard\\70um 1um step_6.tif',1.0,10.422867774963379,0.0
'./NUS 3D 数据/sample1_standard\\70um 1um step_19.tif','./NUS 3D 数据/sample1_standard\\70um 1um step_7.tif',1.0,9.087737083435059,0.0
'./NUS 3D 数据/sample1_standard\\70um 1um step_19.tif','./NUS 3D 数据/sample1_standard\\70um 1um step_8.tif',1.0,46.04148864746094,0.0
'./NUS 3D 数据/sample1_standard\\70um 1um step_19.tif','./NUS 3D 数据/sample1_standard\\70um 1um step_9.tif',1.0,57.56353759765625,0.0
'./NUS 3D 数据/sample1_standard\\70um 1um step_2.tif','./NUS 3D 数据/sample1_standard\\70um 1um step_20.tif',1.0,23.521913528442383,0.0
'./NUS 3D 数据/sample1_standard\\70um 1um step_2.tif','./NUS 3D 数据/sample1_standard\\70um 1um step_21.tif',1.0,15.558976173400879,0.0
'./NUS 3D 数据/sample1_standard\\70um 1um step_2.tif','./NUS 3D 数据/sample1_standard\\70um 1um step_22.tif',1.0,28.462135314941406,0.0
'./NUS 3D 数据/sample1_standard\\70um 1um step_2.tif','./NUS 3D 数据/sample1_standard\\70um 1um step_23.tif',1.0,17.205707550048828,0.0
'./NUS 3D 数据/sample1_standard\\70um 1um step_2.tif','./NUS 3D 数据/sample1_standard\\70um 1um step_24.tif',1.0,11.349028587341309,0.0
'./NUS 3D 数据/sample1_standard\\70um 1um step_2.tif','./NUS 3D 数据/sample1_standard\\70um 1um step_25.tif',1.0,36.99905776977539,0.0
'./NUS 3D 数据/sample1_standard\\70um 1um step_2.tif','./NUS 3D 数据/sample1_standard\\70um 1um step_26.tif',1.0,25.043983459472656,0.0
'./NUS 3D 数据/sample1_standard\\70um 1um step_2.tif','./NUS 3D 数据/sample1_standard\\70um 1um step_27.tif',1.0,16.39977264404297,0.0
'./NUS 3D 数据/sample1_standard\\70um 1um step_2.tif','./NUS 3D 数据/sample1_standard\\70um 1um step_28.tif',1.0,24.48615264892578,0.0
'./NUS 3D 数据/sample1_standard\\70um 1um step_2.tif','./NUS 3D 数据/sample1_standard\\70um 1um step_29.tif',1.0,82.66683197021484,0.0
'./NUS 3D 数据/sample1_standard\\70um 1um step_2.tif','./NUS 3D 数据/sample1_standard\\70um 1um step_3.tif',1.0,11.499584197998047,0.0
'./NUS 3D 数据/sample1_standard\\70um 1um step_2.tif','./NUS 3D 数据/sample1_standard\\70um 1um step_30.tif',1.0,17.655855178833008,0.0
'./NUS 3D 数据/sample1_standard\\70um 1um step_2.tif','./NUS 3D 数据/sample1_standard\\70um 1um step_31.tif',1.0,33.45151901245117,0.0
'./NUS 3D 数据/sample1_standard\\70um 1um step_2.tif','./NUS 3D 数据/sample1_standard\\70um 1um step_32.tif',1.0,20.92949867248535,0.0
'./NUS 3D 数据/sample1_standard\\70um 1um step_2.tif','./NUS 3D 数据/sample1_standard\\70um 1um step_33.tif',1.0,10.65776538848877,0.0
'./NUS 3D 数据/sample1_standard\\70um 1um step_2.tif','./NUS 3D 数据/sample1_standard\\70um 1um step_34.tif',1.0,21.033498764038086,0.0
'./NUS 3D 数据/sample1_standard\\70um 1um step_2.tif','./NUS 3D 数据/sample1_standard\\70um 1um step_35.tif',1.0,26.341203689575195,0.0
'./NUS 3D 数据/sample1_standard\\70um 1um step_2.tif','./NUS 3D 数据/sample1_standard\\70um 1um step_36.tif',1.0,15.202834129333496,0.0
'./NUS 3D 数据/sample1_standard\\70um 1um step_2.tif','./NUS 3D 数据/sample1_standard\\70um 1um step_4.tif',1.0,19.004283905029297,0.0
'./NUS 3D 数据/sample1_standard\\70um 1um step_2.tif','./NUS 3D 数据/sample1_standard\\70um 1um step_5.tif',1.0,39.31092834472656,0.0
'./NUS 3D 数据/sample1_standard\\70um 1um step_2.tif','./NUS 3D 数据/sample1_standard\\70um 1um step_6.tif',1.0,23.516361236572266,0.0
'./NUS 3D 数据/sample1_standard\\70um 1um step_2.tif','./NUS 3D 数据/sample1_standard\\70um 1um step_7.tif',1.0,13.991622924804688,0.0
'./NUS 3D 数据/sample1_standard\\70um 1um step_2.tif','./NUS 3D 数据/sample1_standard\\70um 1um step_8.tif',1.0,39.8773078918457,0.0
'./NUS 3D 数据/sample1_standard\\70um 1um step_2.tif','./NUS 3D 数据/sample1_standard\\70um 1um step_9.tif',1.0,66.18138122558594,0.0
'./NUS 3D 数据/sample1_standard\\70um 1um step_20.tif','./NUS 3D 数据/sample1_standard\\70um 1um step_21.tif',1.0,11.289885520935059,0.0
'./NUS 3D 数据/sample1_standard\\70um 1um step_20.tif','./NUS 3D 数据/sample1_standard\\70um 1um step_22.tif',1.0,18.11102867126465,0.0
'./NUS 3D 数据/sample1_standard\\70um 1um step_20.tif','./NUS 3D 数据/sample1_standard\\70um 1um step_23.tif',1.0,14.229025840759277,0.0
'./NUS 3D 数据/sample1_standard\\70um 1um step_20.tif','./NUS 3D 数据/sample1_standard\\70um 1um step_24.tif',1.0,20.03784942626953,0.0
'./NUS 3D 数据/sample1_standard\\70um 1um step_20.tif','./NUS 3D 数据/sample1_standard\\70um 1um step_25.tif',1.0,26.01372718811035,0.0
'./NUS 3D 数据/sample1_standard\\70um 1um step_20.tif','./NUS 3D 数据/sample1_standard\\70um 1um step_26.tif',1.0,22.817947387695312,0.0
'./NUS 3D 数据/sample1_standard\\70um 1um step_20.tif','./NUS 3D 数据/sample1_standard\\70um 1um step_27.tif',1.0,8.75155258178711,0.0
'./NUS 3D 数据/sample1_standard\\70um 1um step_20.tif','./NUS 3D 数据/sample1_standard\\70um 1um step_28.tif',1.0,25.58772850036621,0.0
'./NUS 3D 数据/sample1_standard\\70um 1um step_20.tif','./NUS 3D 数据/sample1_standard\\70um 1um step_29.tif',1.0,78.55691528320312,0.0
'./NUS 3D 数据/sample1_standard\\70um 1um step_20.tif','./NUS 3D 数据/sample1_standard\\70um 1um step_3.tif',1.0,31.090232849121094,0.0
'./NUS 3D 数据/sample1_standard\\70um 1um step_20.tif','./NUS 3D 数据/sample1_standard\\70um 1um step_30.tif',1.0,11.115076065063477,0.0
'./NUS 3D 数据/sample1_standard\\70um 1um step_20.tif','./NUS 3D 数据/sample1_standard\\70um 1um step_31.tif',1.0,19.05280303955078,0.0
'./NUS 3D 数据/sample1_standard\\70um 1um step_20.tif','./NUS 3D 数据/sample1_standard\\70um 1um step_32.tif',1.0,12.574974060058594,0.0
'./NUS 3D 数据/sample1_standard\\70um 1um step_20.tif','./NUS 3D 数据/sample1_standard\\70um 1um step_33.tif',1.0,14.624475479125977,0.0
'./NUS 3D 数据/sample1_standard\\70um 1um step_20.tif','./NUS 3D 数据/sample1_standard\\70um 1um step_34.tif',1.0,7.6389923095703125,0.0
'./NUS 3D 数据/sample1_standard\\70um 1um step_20.tif','./NUS 3D 数据/sample1_standard\\70um 1um step_35.tif',1.0,11.200955390930176,0.0
'./NUS 3D 数据/sample1_standard\\70um 1um step_20.tif','./NUS 3D 数据/sample1_standard\\70um 1um step_36.tif',1.0,11.595097541809082,0.0
'./NUS 3D 数据/sample1_standard\\70um 1um step_20.tif','./NUS 3D 数据/sample1_standard\\70um 1um step_4.tif',1.0,30.47994041442871,0.0
'./NUS 3D 数据/sample1_standard\\70um 1um step_20.tif','./NUS 3D 数据/sample1_standard\\70um 1um step_5.tif',1.0,26.85266876220703,0.0
'./NUS 3D 数据/sample1_standard\\70um 1um step_20.tif','./NUS 3D 数据/sample1_standard\\70um 1um step_6.tif',1.0,6.984891891479492,0.0
'./NUS 3D 数据/sample1_standard\\70um 1um step_20.tif','./NUS 3D 数据/sample1_standard\\70um 1um step_7.tif',1.0,11.619035720825195,0.0
'./NUS 3D 数据/sample1_standard\\70um 1um step_20.tif','./NUS 3D 数据/sample1_standard\\70um 1um step_8.tif',1.0,42.547706604003906,0.0
'./NUS 3D 数据/sample1_standard\\70um 1um step_20.tif','./NUS 3D 数据/sample1_standard\\70um 1um step_9.tif',1.0,62.44466781616211,0.0
'./NUS 3D 数据/sample1_standard\\70um 1um step_21.tif','./NUS 3D 数据/sample1_standard\\70um 1um step_22.tif',1.0,14.467316627502441,0.0
'./NUS 3D 数据/sample1_standard\\70um 1um step_21.tif','./NUS 3D 数据/sample1_standard\\70um 1um step_23.tif',1.0,4.711112022399902,1.6612322330474854
'./NUS 3D 数据/sample1_standard\\70um 1um step_21.tif','./NUS 3D 数据/sample1_standard\\70um 1um step_24.tif',1.0,12.971739768981934,0.0
'./NUS 3D 数据/sample1_standard\\70um 1um step_21.tif','./NUS 3D 数据/sample1_standard\\70um 1um step_25.tif',1.0,23.815185546875,0.0
'./NUS 3D 数据/sample1_standard\\70um 1um step_21.tif','./NUS 3D 数据/sample1_standard\\70um 1um step_26.tif',1.0,14.988550186157227,0.0
'./NUS 3D 数据/sample1_standard\\70um 1um step_21.tif','./NUS 3D 数据/sample1_standard\\70um 1um step_27.tif',1.0,5.518067836761475,0.232258602976799
'./NUS 3D 数据/sample1_standard\\70um 1um step_21.tif','./NUS 3D 数据/sample1_standard\\70um 1um step_28.tif',1.0,27.73076820373535,0.0
'./NUS 3D 数据/sample1_standard\\70um 1um step_21.tif','./NUS 3D 数据/sample1_standard\\70um 1um step_29.tif',1.0,73.91763305664062,0.0
'./NUS 3D 数据/sample1_standard\\70um 1um step_21.tif','./NUS 3D 数据/sample1_standard\\70um 1um step_3.tif',1.0,25.221731185913086,0.0
'./NUS 3D 数据/sample1_standard\\70um 1um step_21.tif','./NUS 3D 数据/sample1_standard\\70um 1um step_30.tif',1.0,3.3199987411499023,7.182406902313232
'./NUS 3D 数据/sample1_standard\\70um 1um step_21.tif','./NUS 3D 数据/sample1_standard\\70um 1um step_31.tif',1.0,20.989463806152344,0.0
'./NUS 3D 数据/sample1_standard\\70um 1um step_21.tif','./NUS 3D 数据/sample1_standard\\70um 1um step_32.tif',1.0,8.097707748413086,0.0
'./NUS 3D 数据/sample1_standard\\70um 1um step_21.tif','./NUS 3D 数据/sample1_standard\\70um 1um step_33.tif',1.0,6.0500712394714355,0.0
'./NUS 3D 数据/sample1_standard\\70um 1um step_21.tif','./NUS 3D 数据/sample1_standard\\70um 1um step_34.tif',1.0,8.918415069580078,0.0
'./NUS 3D 数据/sample1_standard\\70um 1um step_21.tif','./NUS 3D 数据/sample1_standard\\70um 1um step_35.tif',1.0,19.13884162902832,0.0
'./NUS 3D 数据/sample1_standard\\70um 1um step_21.tif','./NUS 3D 数据/sample1_standard\\70um 1um step_36.tif',1.0,4.404670238494873,2.545077085494995
'./NUS 3D 数据/sample1_standard\\70um 1um step_21.tif','./NUS 3D 数据/sample1_standard\\70um 1um step_4.tif',1.0,20.366771697998047,0.0
'./NUS 3D 数据/sample1_standard\\70um 1um step_21.tif','./NUS 3D 数据/sample1_standard\\70um 1um step_5.tif',1.0,34.60428237915039,0.0
'./NUS 3D 数据/sample1_standard\\70um 1um step_21.tif','./NUS 3D 数据/sample1_standard\\70um 1um step_6.tif',1.0,13.037450790405273,0.0
'./NUS 3D 数据/sample1_standard\\70um 1um step_21.tif','./NUS 3D 数据/sample1_standard\\70um 1um step_7.tif',1.0,8.648025512695312,0.0
'./NUS 3D 数据/sample1_standard\\70um 1um step_21.tif','./NUS 3D 数据/sample1_standard\\70um 1um step_8.tif',1.0,45.90079116821289,0.0
'./NUS 3D 数据/sample1_standard\\70um 1um step_21.tif','./NUS 3D 数据/sample1_standard\\70um 1um step_9.tif',1.0,57.36855697631836,0.0
'./NUS 3D 数据/sample1_standard\\70um 1um step_22.tif','./NUS 3D 数据/sample1_standard\\70um 1um step_23.tif',1.0,12.135640144348145,0.0
'./NUS 3D 数据/sample1_standard\\70um 1um step_22.tif','./NUS 3D 数据/sample1_standard\\70um 1um step_24.tif',1.0,24.751489639282227,0.0
'./NUS 3D 数据/sample1_standard\\70um 1um step_22.tif','./NUS 3D 数据/sample1_standard\\70um 1um step_25.tif',1.0,11.30673885345459,0.0
'./NUS 3D 数据/sample1_standard\\70um 1um step_22.tif','./NUS 3D 数据/sample1_standard\\70um 1um step_26.tif',1.0,9.791773796081543,0.0
'./NUS 3D 数据/sample1_standard\\70um 1um step_22.tif','./NUS 3D 数据/sample1_standard\\70um 1um step_27.tif',1.0,17.911396026611328,0.0
'./NUS 3D 数据/sample1_standard\\70um 1um step_22.tif','./NUS 3D 数据/sample1_standard\\70um 1um step_28.tif',1.0,40.81540298461914,0.0
'./NUS 3D 数据/sample1_standard\\70um 1um step_22.tif','./NUS 3D 数据/sample1_standard\\70um 1um step_29.tif',1.0,61.397525787353516,0.0
'./NUS 3D 数据/sample1_standard\\70um 1um step_22.tif','./NUS 3D 数据/sample1_standard\\70um 1um step_3.tif',1.0,38.48027420043945,0.0
'./NUS 3D 数据/sample1_standard\\70um 1um step_22.tif','./NUS 3D 数据/sample1_standard\\70um 1um step_30.tif',1.0,13.09179401397705,0.0
'./NUS 3D 数据/sample1_standard\\70um 1um step_22.tif','./NUS 3D 数据/sample1_standard\\70um 1um step_31.tif',1.0,16.021894454956055,0.0
'./NUS 3D 数据/sample1_standard\\70um 1um step_22.tif','./NUS 3D 数据/sample1_standard\\70um 1um step_32.tif',1.0,12.512436866760254,0.0
'./NUS 3D 数据/sample1_standard\\70um 1um step_22.tif','./NUS 3D 数据/sample1_standard\\70um 1um step_33.tif',1.0,19.066621780395508,0.0
'./NUS 3D 数据/sample1_standard\\70um 1um step_22.tif','./NUS 3D 数据/sample1_standard\\70um 1um step_34.tif',1.0,16.190187454223633,0.0
'./NUS 3D 数据/sample1_standard\\70um 1um step_22.tif','./NUS 3D 数据/sample1_standard\\70um 1um step_35.tif',1.0,26.739025115966797,0.0
'./NUS 3D 数据/sample1_standard\\70um 1um step_22.tif','./NUS 3D 数据/sample1_standard\\70um 1um step_36.tif',1.0,16.292253494262695,0.0
'./NUS 3D 数据/sample1_standard\\70um 1um step_22.tif','./NUS 3D 数据/sample1_standard\\70um 1um step_4.tif',1.0,25.03758430480957,0.0
'./NUS 3D 数据/sample1_standard\\70um 1um step_22.tif','./NUS 3D 数据/sample1_standard\\70um 1um step_5.tif',1.0,42.04130935668945,0.0
'./NUS 3D 数据/sample1_standard\\70um 1um step_22.tif','./NUS 3D 数据/sample1_standard\\70um 1um step_6.tif',1.0,20.0089111328125,0.0
'./NUS 3D 数据/sample1_standard\\70um 1um step_22.tif','./NUS 3D 数据/sample1_standard\\70um 1um step_7.tif',1.0,21.4758243560791,0.0
'./NUS 3D 数据/sample1_standard\\70um 1um step_22.tif','./NUS 3D 数据/sample1_standard\\70um 1um step_8.tif',1.0,58.4091682434082,0.0
'./NUS 3D 数据/sample1_standard\\70um 1um step_22.tif','./NUS 3D 数据/sample1_standard\\70um 1um step_9.tif',1.0,45.28952407836914,0.0
'./NUS 3D 数据/sample1_standard\\70um 1um step_23.tif','./NUS 3D 数据/sample1_standard\\70um 1um step_24.tif',1.0,13.335712432861328,0.0
'./NUS 3D 数据/sample1_standard\\70um 1um step_23.tif','./NUS 3D 数据/sample1_standard\\70um 1um step_25.tif',1.0,22.13043975830078,0.0
'./NUS 3D 数据/sample1_standard\\70um 1um step_23.tif','./NUS 3D 数据/sample1_standard\\70um 1um step_26.tif',1.0,10.875509262084961,0.0
'./NUS 3D 数据/sample1_standard\\70um 1um step_23.tif','./NUS 3D 数据/sample1_standard\\70um 1um step_27.tif',1.0,9.146400451660156,0.0
'./NUS 3D 数据/sample1_standard\\70um 1um step_23.tif','./NUS 3D 数据/sample1_standard\\70um 1um step_28.tif',1.0,30.873502731323242,0.0
'./NUS 3D 数据/sample1_standard\\70um 1um step_23.tif','./NUS 3D 数据/sample1_standard\\70um 1um step_29.tif',1.0,70.94390869140625,0.0
'./NUS 3D 数据/sample1_standard\\70um 1um step_23.tif','./NUS 3D 数据/sample1_standard\\70um 1um step_3.tif',1.0,27.43450164794922,0.0
'./NUS 3D 数据/sample1_standard\\70um 1um step_23.tif','./NUS 3D 数据/sample1_standard\\70um 1um step_30.tif',1.0,4.411567687988281,2.5231173038482666
'./NUS 3D 数据/sample1_standard\\70um 1um step_23.tif','./NUS 3D 数据/sample1_standard\\70um 1um step_31.tif',1.0,21.796648025512695,0.0
'./NUS 3D 数据/sample1_standard\\70um 1um step_23.tif','./NUS 3D 数据/sample1_standard\\70um 1um step_32.tif',1.0,9.6463041305542,0.0
'./NUS 3D 数据/sample1_standard\\70um 1um step_23.tif','./NUS 3D 数据/sample1_standard\\70um 1um step_33.tif',1.0,8.304017066955566,0.0
'./NUS 3D 数据/sample1_standard\\70um 1um step_23.tif','./NUS 3D 数据/sample1_standard\\70um 1um step_34.tif',1.0,12.084349632263184,0.0
'./NUS 3D 数据/sample1_standard\\70um 1um step_23.tif','./NUS 3D 数据/sample1_standard\\70um 1um step_35.tif',1.0,22.766277313232422,0.0
'./NUS 3D 数据/sample1_standard\\70um 1um step_23.tif','./NUS 3D 数据/sample1_standard\\70um 1um step_36.tif',1.0,5.753941535949707,0.06054476648569107
'./NUS 3D 数据/sample1_standard\\70um 1um step_23.tif','./NUS 3D 数据/sample1_standard\\70um 1um step_4.tif',1.0,17.571651458740234,0.0
'./NUS 3D 数据/sample1_standard\\70um 1um step_23.tif','./NUS 3D 数据/sample1_standard\\70um 1um step_5.tif',1.0,38.64204788208008,0.0
'./NUS 3D 数据/sample1_standard\\70um 1um step_23.tif','./NUS 3D 数据/sample1_standard\\70um 1um step_6.tif',1.0,16.603485107421875,0.0
'./NUS 3D 数据/sample1_standard\\70um 1um step_23.tif','./NUS 3D 数据/sample1_standard\\70um 1um step_7.tif',1.0,12.528817176818848,0.0
'./NUS 3D 数据/sample1_standard\\70um 1um step_23.tif','./NUS 3D 数据/sample1_standard\\70um 1um step_8.tif',1.0,49.51564407348633,0.0
'./NUS 3D 数据/sample1_standard\\70um 1um step_23.tif','./NUS 3D 数据/sample1_standard\\70um 1um step_9.tif',1.0,54.4141731262207,0.0
'./NUS 3D 数据/sample1_standard\\70um 1um step_24.tif','./NUS 3D 数据/sample1_standard\\70um 1um step_25.tif',1.0,34.96100997924805,0.0
'./NUS 3D 数据/sample1_standard\\70um 1um step_24.tif','./NUS 3D 数据/sample1_standard\\70um 1um step_26.tif',1.0,21.277114868164062,0.0
'./NUS 3D 数据/sample1_standard\\70um 1um step_24.tif','./NUS 3D 数据/sample1_standard\\70um 1um step_27.tif',1.0,13.40574836730957,0.0
'./NUS 3D 数据/sample1_standard\\70um 1um step_24.tif','./NUS 3D 数据/sample1_standard\\70um 1um step_28.tif',1.0,22.870832443237305,0.0
'./NUS 3D 数据/sample1_standard\\70um 1um step_24.tif','./NUS 3D 数据/sample1_standard\\70um 1um step_29.tif',1.0,81.76348114013672,0.0
'./NUS 3D 数据/sample1_standard\\70um 1um step_24.tif','./NUS 3D 数据/sample1_standard\\70um 1um step_3.tif',1.0,20.027978897094727,0.0
'./NUS 3D 数据/sample1_standard\\70um 1um step_24.tif','./NUS 3D 数据/sample1_standard\\70um 1um step_30.tif',1.0,13.20398235321045,0.0
'./NUS 3D 数据/sample1_standard\\70um 1um step_24.tif','./NUS 3D 数据/sample1_standard\\70um 1um step_31.tif',1.0,33.246578216552734,0.0
'./NUS 3D 数据/sample1_standard\\70um 1um step_24.tif','./NUS 3D 数据/sample1_standard\\70um 1um step_32.tif',1.0,20.41617774963379,0.0
'./NUS 3D 数据/sample1_standard\\70um 1um step_24.tif','./NUS 3D 数据/sample1_standard\\70um 1um step_33.tif',1.0,11.149763107299805,0.0
'./NUS 3D 数据/sample1_standard\\70um 1um step_24.tif','./NUS 3D 数据/sample1_standard\\70um 1um step_34.tif',1.0,19.969627380371094,0.0
'./NUS 3D 数据/sample1_standard\\70um 1um step_24.tif','./NUS 3D 数据/sample1_standard\\70um 1um step_35.tif',1.0,26.407703399658203,0.0
'./NUS 3D 数据/sample1_standard\\70um 1um step_24.tif','./NUS 3D 数据/sample1_standard\\70um 1um step_36.tif',1.0,10.159188270568848,0.0
'./NUS 3D 数据/sample1_standard\\70um 1um step_24.tif','./NUS 3D 数据/sample1_standard\\70um 1um step_4.tif',1.0,15.445368766784668,0.0
'./NUS 3D 数据/sample1_standard\\70um 1um step_24.tif','./NUS 3D 数据/sample1_standard\\70um 1um step_5.tif',1.0,40.91058349609375,0.0
'./NUS 3D 数据/sample1_standard\\70um 1um step_24.tif','./NUS 3D 数据/sample1_standard\\70um 1um step_6.tif',1.0,23.019668579101562,0.0
'./NUS 3D 数据/sample1_standard\\70um 1um step_24.tif','./NUS 3D 数据/sample1_standard\\70um 1um step_7.tif',1.0,15.181561470031738,0.0
'./NUS 3D 数据/sample1_standard\\70um 1um step_24.tif','./NUS 3D 数据/sample1_standard\\70um 1um step_8.tif',1.0,42.33951950073242,0.0
'./NUS 3D 数据/sample1_standard\\70um 1um step_24.tif','./NUS 3D 数据/sample1_standard\\70um 1um step_9.tif',1.0,65.55829620361328,0.0
'./NUS 3D 数据/sample1_standard\\70um 1um step_25.tif','./NUS 3D 数据/sample1_standard\\70um 1um step_26.tif',1.0,17.59192657470703,0.0
'./NUS 3D 数据/sample1_standard\\70um 1um step_25.tif','./NUS 3D 数据/sample1_standard\\70um 1um step_27.tif',1.0,27.159717559814453,0.0
'./NUS 3D 数据/sample1_standard\\70um 1um step_25.tif','./NUS 3D 数据/sample1_standard\\70um 1um step_28.tif',1.0,50.29258346557617,0.0
'./NUS 3D 数据/sample1_standard\\70um 1um step_25.tif','./NUS 3D 数据/sample1_standard\\70um 1um step_29.tif',1.0,53.189735412597656,0.0
'./NUS 3D 数据/sample1_standard\\70um 1um step_25.tif','./NUS 3D 数据/sample1_standard\\70um 1um step_3.tif',1.0,46.50331497192383,0.0
'./NUS 3D 数据/sample1_standard\\70um 1um step_25.tif','./NUS 3D 数据/sample1_standard\\70um 1um step_30.tif',1.0,22.97017478942871,0.0
'./NUS 3D 数据/sample1_standard\\70um 1um step_25.tif','./NUS 3D 数据/sample1_standard\\70um 1um step_31.tif',1.0,13.985429763793945,0.0
'./NUS 3D 数据/sample1_standard\\70um 1um step_25.tif','./NUS 3D 数据/sample1_standard\\70um 1um step_32.tif',1.0,18.761560440063477,0.0
'./NUS 3D 数据/sample1_standard\\70um 1um step_25.tif','./NUS 3D 数据/sample1_standard\\70um 1um step_33.tif',1.0,27.806835174560547,0.0
'./NUS 3D 数据/sample1_standard\\70um 1um step_25.tif','./NUS 3D 数据/sample1_standard\\70um 1um step_34.tif',1.0,23.166669845581055,0.0
'./NUS 3D 数据/sample1_standard\\70um 1um step_25.tif','./NUS 3D 数据/sample1_standard\\70um 1um step_35.tif',1.0,32.55244064331055,0.0
'./NUS 3D 数据/sample1_standard\\70um 1um step_25.tif','./NUS 3D 数据/sample1_standard\\70um 1um step_36.tif',1.0,26.420833587646484,0.0
'./NUS 3D 数据/sample1_standard\\70um 1um step_25.tif','./NUS 3D 数据/sample1_standard\\70um 1um step_4.tif',1.0,33.799476623535156,0.0
'./NUS 3D 数据/sample1_standard\\70um 1um step_25.tif','./NUS 3D 数据/sample1_standard\\70um 1um step_5.tif',1.0,45.63324737548828,0.0
'./NUS 3D 数据/sample1_standard\\70um 1um step_25.tif','./NUS 3D 数据/sample1_standard\\70um 1um step_6.tif',1.0,25.97423553466797,0.0
'./NUS 3D 数据/sample1_standard\\70um 1um step_25.tif','./NUS 3D 数据/sample1_standard\\70um 1um step_7.tif',1.0,29.28316307067871,0.0
'./NUS 3D 数据/sample1_standard\\70um 1um step_25.tif','./NUS 3D 数据/sample1_standard\\70um 1um step_8.tif',1.0,66.5052490234375,0.0
'./NUS 3D 数据/sample1_standard\\70um 1um step_25.tif','./NUS 3D 数据/sample1_standard\\70um 1um step_9.tif',1.0,37.18553161621094,0.0
'./NUS 3D 数据/sample1_standard\\70um 1um step_26.tif','./NUS 3D 数据/sample1_standard\\70um 1um step_27.tif',1.0,19.407087326049805,0.0
'./NUS 3D 数据/sample1_standard\\70um 1um step_26.tif','./NUS 3D 数据/sample1_standard\\70um 1um step_28.tif',1.0,41.10639190673828,0.0
'./NUS 3D 数据/sample1_standard\\70um 1um step_26.tif','./NUS 3D 数据/sample1_standard\\70um 1um step_29.tif',1.0,61.47206115722656,0.0
'./NUS 3D 数据/sample1_standard\\70um 1um step_26.tif','./NUS 3D 数据/sample1_standard\\70um 1um step_3.tif',1.0,35.455509185791016,0.0
'./NUS 3D 数据/sample1_standard\\70um 1um step_26.tif','./NUS 3D 数据/sample1_standard\\70um 1um step_30.tif',1.0,13.994688987731934,0.0
'./NUS 3D 数据/sample1_standard\\70um 1um step_26.tif','./NUS 3D 数据/sample1_standard\\70um 1um step_31.tif',1.0,23.442628860473633,0.0
'./NUS 3D 数据/sample1_standard\\70um 1um step_26.tif','./NUS 3D 数据/sample1_standard\\70um 1um step_32.tif',1.0,15.919529914855957,0.0
'./NUS 3D 数据/sample1_standard\\70um 1um step_26.tif','./NUS 3D 数据/sample1_standard\\70um 1um step_33.tif',1.0,17.914880752563477,0.0
'./NUS 3D 数据/sample1_standard\\70um 1um step_26.tif','./NUS 3D 数据/sample1_standard\\70um 1um step_34.tif',1.0,20.396526336669922,0.0
'./NUS 3D 数据/sample1_standard\\70um 1um step_26.tif','./NUS 3D 数据/sample1_standard\\70um 1um step_35.tif',1.0,31.375995635986328,0.0
'./NUS 3D 数据/sample1_standard\\70um 1um step_26.tif','./NUS 3D 数据/sample1_standard\\70um 1um step_36.tif',1.0,16.03900909423828,0.0
'./NUS 3D 数据/sample1_standard\\70um 1um step_26.tif','./NUS 3D 数据/sample1_standard\\70um 1um step_4.tif',1.0,17.243160247802734,0.0
'./NUS 3D 数据/sample1_standard\\70um 1um step_26.tif','./NUS 3D 数据/sample1_standard\\70um 1um step_5.tif',1.0,47.34294891357422,0.0
'./NUS 3D 数据/sample1_standard\\70um 1um step_26.tif','./NUS 3D 数据/sample1_standard\\70um 1um step_6.tif',1.0,24.99729347229004,0.0
'./NUS 3D 数据/sample1_standard\\70um 1um step_26.tif','./NUS 3D 数据/sample1_standard\\70um 1um step_7.tif',1.0,22.47222137451172,0.0
'./NUS 3D 数据/sample1_standard\\70um 1um step_26.tif','./NUS 3D 数据/sample1_standard\\70um 1um step_8.tif',1.0,59.5096321105957,0.0
'./NUS 3D 数据/sample1_standard\\70um 1um step_26.tif','./NUS 3D 数据/sample1_standard\\70um 1um step_9.tif',1.0,45.162078857421875,0.0
'./NUS 3D 数据/sample1_standard\\70um 1um step_27.tif','./NUS 3D 数据/sample1_standard\\70um 1um step_28.tif',1.0,23.689855575561523,0.0
'./NUS 3D 数据/sample1_standard\\70um 1um step_27.tif','./NUS 3D 数据/sample1_standard\\70um 1um step_29.tif',1.0,78.35887908935547,0.0
'./NUS 3D 数据/sample1_standard\\70um 1um step_27.tif','./NUS 3D 数据/sample1_standard\\70um 1um step_3.tif',1.0,24.383533477783203,0.0
'./NUS 3D 数据/sample1_standard\\70um 1um step_27.tif','./NUS 3D 数据/sample1_standard\\70um 1um step_30.tif',1.0,7.075277805328369,0.0
'./NUS 3D 数据/sample1_standard\\70um 1um step_27.tif','./NUS 3D 数据/sample1_standard\\70um 1um step_31.tif',1.0,22.593013763427734,0.0
'./NUS 3D 数据/sample1_standard\\70um 1um step_27.tif','./NUS 3D 数据/sample1_standard\\70um 1um step_32.tif',1.0,10.353116035461426,0.0
'./NUS 3D 数据/sample1_standard\\70um 1um step_27.tif','./NUS 3D 数据/sample1_standard\\70um 1um step_33.tif',1.0,7.9136247634887695,0.0
'./NUS 3D 数据/sample1_standard\\70um 1um step_27.tif','./NUS 3D 数据/sample1_standard\\70um 1um step_34.tif',1.0,7.4882121086120605,0.0
'./NUS 3D 数据/sample1_standard\\70um 1um step_27.tif','./NUS 3D 数据/sample1_standard\\70um 1um step_35.tif',1.0,16.31448745727539,0.0
'./NUS 3D 数据/sample1_standard\\70um 1um step_27.tif','./NUS 3D 数据/sample1_standard\\70um 1um step_36.tif',1.0,6.051994323730469,0.0
'./NUS 3D 数据/sample1_standard\\70um 1um step_27.tif','./NUS 3D 数据/sample1_standard\\70um 1um step_4.tif',1.0,23.745723724365234,0.0
'./NUS 3D 数据/sample1_standard\\70um 1um step_27.tif','./NUS 3D 数据/sample1_standard\\70um 1um step_5.tif',1.0,30.928997039794922,0.0
'./NUS 3D 数据/sample1_standard\\70um 1um step_27.tif','./NUS 3D 数据/sample1_standard\\70um 1um step_6.tif',1.0,10.868033409118652,0.0
'./NUS 3D 数据/sample1_standard\\70um 1um step_27.tif','./NUS 3D 数据/sample1_standard\\70um 1um step_7.tif',1.0,6.584753036499023,0.0
'./NUS 3D 数据/sample1_standard\\70um 1um step_27.tif','./NUS 3D 数据/sample1_standard\\70um 1um step_8.tif',1.0,42.357826232910156,0.0
'./NUS 3D 数据/sample1_standard\\70um 1um step_27.tif','./NUS 3D 数据/sample1_standard\\70um 1um step_9.tif',1.0,61.697059631347656,0.0
'./NUS 3D 数据/sample1_standard\\70um 1um step_28.tif','./NUS 3D 数据/sample1_standard\\70um 1um step_29.tif',1.0,101.3302993774414,0.0
'./NUS 3D 数据/sample1_standard\\70um 1um step_28.tif','./NUS 3D 数据/sample1_standard\\70um 1um step_3.tif',1.0,23.811756134033203,0.0
'./NUS 3D 数据/sample1_standard\\70um 1um step_28.tif','./NUS 3D 数据/sample1_standard\\70um 1um step_30.tif',1.0,28.654836654663086,0.0
'./NUS 3D 数据/sample1_standard\\70um 1um step_28.tif','./NUS 3D 数据/sample1_standard\\70um 1um step_31.tif',1.0,43.172332763671875,0.0
'./NUS 3D 数据/sample1_standard\\70um 1um step_28.tif','./NUS 3D 数据/sample1_standard\\70um 1um step_32.tif',1.0,33.011192321777344,0.0
'./NUS 3D 数据/sample1_standard\\70um 1um step_28.tif','./NUS 3D 数据/sample1_standard\\70um 1um step_33.tif',1.0,25.896631240844727,0.0
'./NUS 3D 数据/sample1_standard\\70um 1um step_28.tif','./NUS 3D 数据/sample1_standard\\70um 1um step_34.tif',1.0,28.355857849121094,0.0
'./NUS 3D 数据/sample1_standard\\70um 1um step_28.tif','./NUS 3D 数据/sample1_standard\\70um 1um step_35.tif',1.0,25.00434684753418,0.0
'./NUS 3D 数据/sample1_standard\\70um 1um step_28.tif','./NUS 3D 数据/sample1_standard\\70um 1um step_36.tif',1.0,25.61635398864746,0.0
'./NUS 3D 数据/sample1_standard\\70um 1um step_28.tif','./NUS 3D 数据/sample1_standard\\70um 1um step_4.tif',1.0,37.575618743896484,0.0
'./NUS 3D 数据/sample1_standard\\70um 1um step_28.tif','./NUS 3D 数据/sample1_standard\\70um 1um step_5.tif',1.0,31.46320915222168,0.0
'./NUS 3D 数据/sample1_standard\\70um 1um step_28.tif','./NUS 3D 数据/sample1_standard\\70um 1um step_6.tif',1.0,27.25372314453125,0.0
'./NUS 3D 数据/sample1_standard\\70um 1um step_28.tif','./NUS 3D 数据/sample1_standard\\70um 1um step_7.tif',1.0,23.110153198242188,0.0
'./NUS 3D 数据/sample1_standard\\70um 1um step_28.tif','./NUS 3D 数据/sample1_standard\\70um 1um step_8.tif',1.0,23.5616512298584,0.0
'./NUS 3D 数据/sample1_standard\\70um 1um step_28.tif','./NUS 3D 数据/sample1_standard\\70um 1um step_9.tif',1.0,84.92184448242188,0.0
'./NUS 3D 数据/sample1_standard\\70um 1um step_29.tif','./NUS 3D 数据/sample1_standard\\70um 1um step_3.tif',1.0,91.76848602294922,0.0
'./NUS 3D 数据/sample1_standard\\70um 1um step_29.tif','./NUS 3D 数据/sample1_standard\\70um 1um step_30.tif',1.0,73.06084442138672,0.0
'./NUS 3D 数据/sample1_standard\\70um 1um step_29.tif','./NUS 3D 数据/sample1_standard\\70um 1um step_31.tif',1.0,64.31517791748047,0.0
'./NUS 3D 数据/sample1_standard\\70um 1um step_29.tif','./NUS 3D 数据/sample1_standard\\70um 1um step_32.tif',1.0,70.09015655517578,0.0
'./NUS 3D 数据/sample1_standard\\70um 1um step_29.tif','./NUS 3D 数据/sample1_standard\\70um 1um step_33.tif',1.0,76.60084533691406,0.0
'./NUS 3D 数据/sample1_standard\\70um 1um step_29.tif','./NUS 3D 数据/sample1_standard\\70um 1um step_34.tif',1.0,75.3773193359375,0.0
'./NUS 3D 数据/sample1_standard\\70um 1um step_29.tif','./NUS 3D 数据/sample1_standard\\70um 1um step_35.tif',1.0,84.2938003540039,0.0
'./NUS 3D 数据/sample1_standard\\70um 1um step_29.tif','./NUS 3D 数据/sample1_standard\\70um 1um step_36.tif',1.0,76.06298828125,0.0
'./NUS 3D 数据/sample1_standard\\70um 1um step_29.tif','./NUS 3D 数据/sample1_standard\\70um 1um step_4.tif',1.0,72.17613220214844,0.0
'./NUS 3D 数据/sample1_standard\\70um 1um step_29.tif','./NUS 3D 数据/sample1_standard\\70um 1um step_5.tif',1.0,96.67346954345703,0.0
'./NUS 3D 数据/sample1_standard\\70um 1um step_29.tif','./NUS 3D 数据/sample1_standard\\70um 1um step_6.tif',1.0,78.392578125,0.0
'./NUS 3D 数据/sample1_standard\\70um 1um step_29.tif','./NUS 3D 数据/sample1_standard\\70um 1um step_7.tif',1.0,80.03557586669922,0.0
'./NUS 3D 数据/sample1_standard\\70um 1um step_29.tif','./NUS 3D 数据/sample1_standard\\70um 1um step_8.tif',1.0,116.33314514160156,0.0
'./NUS 3D 数据/sample1_standard\\70um 1um step_29.tif','./NUS 3D 数据/sample1_standard\\70um 1um step_9.tif',1.0,18.42696762084961,0.0
'./NUS 3D 数据/sample1_standard\\70um 1um step_3.tif','./NUS 3D 数据/sample1_standard\\70um 1um step_30.tif',1.0,27.617794036865234,0.0
'./NUS 3D 数据/sample1_standard\\70um 1um step_3.tif','./NUS 3D 数据/sample1_standard\\70um 1um step_31.tif',1.0,41.39714050292969,0.0
'./NUS 3D 数据/sample1_standard\\70um 1um step_3.tif','./NUS 3D 数据/sample1_standard\\70um 1um step_32.tif',1.0,29.434253692626953,0.0
'./NUS 3D 数据/sample1_standard\\70um 1um step_3.tif','./NUS 3D 数据/sample1_standard\\70um 1um step_33.tif',1.0,20.1481876373291,0.0
'./NUS 3D 数据/sample1_standard\\70um 1um step_3.tif','./NUS 3D 数据/sample1_standard\\70um 1um step_34.tif',1.0,28.342693328857422,0.0
'./NUS 3D 数据/sample1_standard\\70um 1um step_3.tif','./NUS 3D 数据/sample1_standard\\70um 1um step_35.tif',1.0,31.244245529174805,0.0
'./NUS 3D 数据/sample1_standard\\70um 1um step_3.tif','./NUS 3D 数据/sample1_standard\\70um 1um step_36.tif',1.0,24.922584533691406,0.0
'./NUS 3D 数据/sample1_standard\\70um 1um step_3.tif','./NUS 3D 数据/sample1_standard\\70um 1um step_4.tif',1.0,27.849998474121094,0.0
'./NUS 3D 数据/sample1_standard\\70um 1um step_3.tif','./NUS 3D 数据/sample1_standard\\70um 1um step_5.tif',1.0,39.95844268798828,0.0
'./NUS 3D 数据/sample1_standard\\70um 1um step_3.tif','./NUS 3D 数据/sample1_standard\\70um 1um step_6.tif',1.0,29.88205909729004,0.0
'./NUS 3D 数据/sample1_standard\\70um 1um step_3.tif','./NUS 3D 数据/sample1_standard\\70um 1um step_7.tif',1.0,20.689098358154297,0.0
'./NUS 3D 数据/sample1_standard\\70um 1um step_3.tif','./NUS 3D 数据/sample1_standard\\70um 1um step_8.tif',1.0,35.09150695800781,0.0
'./NUS 3D 数据/sample1_standard\\70um 1um step_3.tif','./NUS 3D 数据/sample1_standard\\70um 1um step_9.tif',1.0,75.14263153076172,0.0
'./NUS 3D 数据/sample1_standard\\70um 1um step_30.tif','./NUS 3D 数据/sample1_standard\\70um 1um step_31.tif',1.0,21.154115676879883,0.0
'./NUS 3D 数据/sample1_standard\\70um 1um step_30.tif','./NUS 3D 数据/sample1_standard\\70um 1um step_32.tif',1.0,9.385100364685059,0.0
'./NUS 3D 数据/sample1_standard\\70um 1um step_30.tif','./NUS 3D 数据/sample1_standard\\70um 1um step_33.tif',1.0,8.52147388458252,0.0
'./NUS 3D 数据/sample1_standard\\70um 1um step_30.tif','./NUS 3D 数据/sample1_standard\\70um 1um step_34.tif',1.0,10.297995567321777,0.0
'./NUS 3D 数据/sample1_standard\\70um 1um step_30.tif','./NUS 3D 数据/sample1_standard\\70um 1um step_35.tif',1.0,20.1519718170166,0.0
'./NUS 3D 数据/sample1_standard\\70um 1um step_30.tif','./NUS 3D 数据/sample1_standard\\70um 1um step_36.tif',1.0,4.315984725952148,2.835907459259033
'./NUS 3D 数据/sample1_standard\\70um 1um step_30.tif','./NUS 3D 数据/sample1_standard\\70um 1um step_4.tif',1.0,20.20370864868164,0.0
'./NUS 3D 数据/sample1_standard\\70um 1um step_30.tif','./NUS 3D 数据/sample1_standard\\70um 1um step_5.tif',1.0,35.93737030029297,0.0
'./NUS 3D 数据/sample1_standard\\70um 1um step_30.tif','./NUS 3D 数据/sample1_standard\\70um 1um step_6.tif',1.0,14.193384170532227,0.0
'./NUS 3D 数据/sample1_standard\\70um 1um step_30.tif','./NUS 3D 数据/sample1_standard\\70um 1um step_7.tif',1.0,11.248047828674316,0.0
'./NUS 3D 数据/sample1_standard\\70um 1um step_30.tif','./NUS 3D 数据/sample1_standard\\70um 1um step_8.tif',1.0,47.29694366455078,0.0
'./NUS 3D 数据/sample1_standard\\70um 1um step_30.tif','./NUS 3D 数据/sample1_standard\\70um 1um step_9.tif',1.0,56.72952651977539,0.0
'./NUS 3D 数据/sample1_standard\\70um 1um step_31.tif','./NUS 3D 数据/sample1_standard\\70um 1um step_32.tif',1.0,14.848806381225586,0.0
'./NUS 3D 数据/sample1_standard\\70um 1um step_31.tif','./NUS 3D 数据/sample1_standard\\70um 1um step_33.tif',1.0,24.110971450805664,0.0
'./NUS 3D 数据/sample1_standard\\70um 1um step_31.tif','./NUS 3D 数据/sample1_standard\\70um 1um step_34.tif',1.0,16.140796661376953,0.0
'./NUS 3D 数据/sample1_standard\\70um 1um step_31.tif','./NUS 3D 数据/sample1_standard\\70um 1um step_35.tif',1.0,21.45482063293457,0.0
'./NUS 3D 数据/sample1_standard\\70um 1um step_31.tif','./NUS 3D 数据/sample1_standard\\70um 1um step_36.tif',1.0,23.869672775268555,0.0
'./NUS 3D 数据/sample1_standard\\70um 1um step_31.tif','./NUS 3D 数据/sample1_standard\\70um 1um step_4.tif',1.0,37.296207427978516,0.0
'./NUS 3D 数据/sample1_standard\\70um 1um step_31.tif','./NUS 3D 数据/sample1_standard\\70um 1um step_5.tif',1.0,33.1153564453125,0.0
'./NUS 3D 数据/sample1_standard\\70um 1um step_31.tif','./NUS 3D 数据/sample1_standard\\70um 1um step_6.tif',1.0,16.409475326538086,0.0
'./NUS 3D 数据/sample1_standard\\70um 1um step_31.tif','./NUS 3D 数据/sample1_standard\\70um 1um step_7.tif',1.0,22.725343704223633,0.0
'./NUS 3D 数据/sample1_standard\\70um 1um step_31.tif','./NUS 3D 数据/sample1_standard\\70um 1um step_8.tif',1.0,56.424556732177734,0.0
'./NUS 3D 数据/sample1_standard\\70um 1um step_31.tif','./NUS 3D 数据/sample1_standard\\70um 1um step_9.tif',1.0,48.64697265625,0.0
'./NUS 3D 数据/sample1_standard\\70um 1um step_32.tif','./NUS 3D 数据/sample1_standard\\70um 1um step_33.tif',1.0,11.230347633361816,0.0
'./NUS 3D 数据/sample1_standard\\70um 1um step_32.tif','./NUS 3D 数据/sample1_standard\\70um 1um step_34.tif',1.0,7.142831325531006,0.0
'./NUS 3D 数据/sample1_standard\\70um 1um step_32.tif','./NUS 3D 数据/sample1_standard\\70um 1um step_35.tif',1.0,19.157684326171875,0.0
'./NUS 3D 数据/sample1_standard\\70um 1um step_32.tif','./NUS 3D 数据/sample1_standard\\70um 1um step_36.tif',1.0,11.914589881896973,0.0
'./NUS 3D 数据/sample1_standard\\70um 1um step_32.tif','./NUS 3D 数据/sample1_standard\\70um 1um step_4.tif',1.0,25.68646812438965,0.0
'./NUS 3D 数据/sample1_standard\\70um 1um step_32.tif','./NUS 3D 数据/sample1_standard\\70um 1um step_5.tif',1.0,32.862606048583984,0.0
'./NUS 3D 数据/sample1_standard\\70um 1um step_32.tif','./NUS 3D 数据/sample1_standard\\70um 1um step_6.tif',1.0,11.349014282226562,0.0
'./NUS 3D 数据/sample1_standard\\70um 1um step_32.tif','./NUS 3D 数据/sample1_standard\\70um 1um step_7.tif',1.0,11.121426582336426,0.0
'./NUS 3D 数据/sample1_standard\\70um 1um step_32.tif','./NUS 3D 数据/sample1_standard\\70um 1um step_8.tif',1.0,49.91371154785156,0.0
'./NUS 3D 数据/sample1_standard\\70um 1um step_32.tif','./NUS 3D 数据/sample1_standard\\70um 1um step_9.tif',1.0,53.273094177246094,0.0
'./NUS 3D 数据/sample1_standard\\70um 1um step_33.tif','./NUS 3D 数据/sample1_standard\\70um 1um step_34.tif',1.0,11.66048526763916,0.0
'./NUS 3D 数据/sample1_standard\\70um 1um step_33.tif','./NUS 3D 数据/sample1_standard\\70um 1um step_35.tif',1.0,19.892553329467773,0.0
'./NUS 3D 数据/sample1_standard\\70um 1um step_33.tif','./NUS 3D 数据/sample1_standard\\70um 1um step_36.tif',1.0,6.800751686096191,0.0
'./NUS 3D 数据/sample1_standard\\70um 1um step_33.tif','./NUS 3D 数据/sample1_standard\\70um 1um step_4.tif',1.0,19.494333267211914,0.0
'./NUS 3D 数据/sample1_standard\\70um 1um step_33.tif','./NUS 3D 数据/sample1_standard\\70um 1um step_5.tif',1.0,34.860599517822266,0.0
'./NUS 3D 数据/sample1_standard\\70um 1um step_33.tif','./NUS 3D 数据/sample1_standard\\70um 1um step_6.tif',1.0,15.020285606384277,0.0
'./NUS 3D 数据/sample1_standard\\70um 1um step_33.tif','./NUS 3D 数据/sample1_standard\\70um 1um step_7.tif',1.0,6.980792999267578,0.0
'./NUS 3D 数据/sample1_standard\\70um 1um step_33.tif','./NUS 3D 数据/sample1_standard\\70um 1um step_8.tif',1.0,43.175048828125,0.0
'./NUS 3D 数据/sample1_standard\\70um 1um step_33.tif','./NUS 3D 数据/sample1_standard\\70um 1um step_9.tif',1.0,59.94648742675781,0.0
'./NUS 3D 数据/sample1_standard\\70um 1um step_34.tif','./NUS 3D 数据/sample1_standard\\70um 1um step_35.tif',1.0,13.487448692321777,0.0
'./NUS 3D 数据/sample1_standard\\70um 1um step_34.tif','./NUS 3D 数据/sample1_standard\\70um 1um step_36.tif',1.0,11.347827911376953,0.0
'./NUS 3D 数据/sample1_standard\\70um 1um step_34.tif','./NUS 3D 数据/sample1_standard\\70um 1um step_4.tif',1.0,28.51203727722168,0.0
'./NUS 3D 数据/sample1_standard\\70um 1um step_34.tif','./NUS 3D 数据/sample1_standard\\70um 1um step_5.tif',1.0,27.521820068359375,0.0
'./NUS 3D 数据/sample1_standard\\70um 1um step_34.tif','./NUS 3D 数据/sample1_standard\\70um 1um step_6.tif',1.0,5.934586524963379,0.0042789229191839695
'./NUS 3D 数据/sample1_standard\\70um 1um step_34.tif','./NUS 3D 数据/sample1_standard\\70um 1um step_7.tif',1.0,8.348259925842285,0.0
'./NUS 3D 数据/sample1_standard\\70um 1um step_34.tif','./NUS 3D 数据/sample1_standard\\70um 1um step_8.tif',1.0,44.666893005371094,0.0
'./NUS 3D 数据/sample1_standard\\70um 1um step_34.tif','./NUS 3D 数据/sample1_standard\\70um 1um step_9.tif',1.0,58.740234375,0.0
'./NUS 3D 数据/sample1_standard\\70um 1um step_35.tif','./NUS 3D 数据/sample1_standard\\70um 1um step_36.tif',1.0,19.772924423217773,0.0
'./NUS 3D 数据/sample1_standard\\70um 1um step_35.tif','./NUS 3D 数据/sample1_standard\\70um 1um step_4.tif',1.0,37.970027923583984,0.0
'./NUS 3D 数据/sample1_standard\\70um 1um step_35.tif','./NUS 3D 数据/sample1_standard\\70um 1um step_5.tif',1.0,18.61784553527832,0.0
'./NUS 3D 数据/sample1_standard\\70um 1um step_35.tif','./NUS 3D 数据/sample1_standard\\70um 1um step_6.tif',1.0,8.532846450805664,0.0
'./NUS 3D 数据/sample1_standard\\70um 1um step_35.tif','./NUS 3D 数据/sample1_standard\\70um 1um step_7.tif',1.0,14.762704849243164,0.0
'./NUS 3D 数据/sample1_standard\\70um 1um step_35.tif','./NUS 3D 数据/sample1_standard\\70um 1um step_8.tif',1.0,36.198585510253906,0.0
'./NUS 3D 数据/sample1_standard\\70um 1um step_35.tif','./NUS 3D 数据/sample1_standard\\70um 1um step_9.tif',1.0,68.40619659423828,0.0
'./NUS 3D 数据/sample1_standard\\70um 1um step_36.tif','./NUS 3D 数据/sample1_standard\\70um 1um step_4.tif',1.0,19.29900360107422,0.0
'./NUS 3D 数据/sample1_standard\\70um 1um step_36.tif','./NUS 3D 数据/sample1_standard\\70um 1um step_5.tif',1.0,35.78403854370117,0.0
'./NUS 3D 数据/sample1_standard\\70um 1um step_36.tif','./NUS 3D 数据/sample1_standard\\70um 1um step_6.tif',1.0,14.838617324829102,0.0
'./NUS 3D 数据/sample1_standard\\70um 1um step_36.tif','./NUS 3D 数据/sample1_standard\\70um 1um step_7.tif',1.0,9.971518516540527,0.0
'./NUS 3D 数据/sample1_standard\\70um 1um step_36.tif','./NUS 3D 数据/sample1_standard\\70um 1um step_8.tif',1.0,44.447898864746094,0.0
'./NUS 3D 数据/sample1_standard\\70um 1um step_36.tif','./NUS 3D 数据/sample1_standard\\70um 1um step_9.tif',1.0,59.73328399658203,0.0
'./NUS 3D 数据/sample1_standard\\70um 1um step_4.tif','./NUS 3D 数据/sample1_standard\\70um 1um step_5.tif',1.0,53.554893493652344,0.0
'./NUS 3D 数据/sample1_standard\\70um 1um step_4.tif','./NUS 3D 数据/sample1_standard\\70um 1um step_6.tif',1.0,32.98667526245117,0.0
'./NUS 3D 数据/sample1_standard\\70um 1um step_4.tif','./NUS 3D 数据/sample1_standard\\70um 1um step_7.tif',1.0,25.792707443237305,0.0
'./NUS 3D 数据/sample1_standard\\70um 1um step_4.tif','./NUS 3D 数据/sample1_standard\\70um 1um step_8.tif',1.0,55.775691986083984,0.0
'./NUS 3D 数据/sample1_standard\\70um 1um step_4.tif','./NUS 3D 数据/sample1_standard\\70um 1um step_9.tif',1.0,56.535369873046875,0.0
'./NUS 3D 数据/sample1_standard\\70um 1um step_5.tif','./NUS 3D 数据/sample1_standard\\70um 1um step_6.tif',1.0,22.890731811523438,0.0
'./NUS 3D 数据/sample1_standard\\70um 1um step_5.tif','./NUS 3D 数据/sample1_standard\\70um 1um step_7.tif',1.0,28.317806243896484,0.0
'./NUS 3D 数据/sample1_standard\\70um 1um step_5.tif','./NUS 3D 数据/sample1_standard\\70um 1um step_8.tif',1.0,35.545188903808594,0.0
'./NUS 3D 数据/sample1_standard\\70um 1um step_5.tif','./NUS 3D 数据/sample1_standard\\70um 1um step_9.tif',1.0,80.75733947753906,0.0
'./NUS 3D 数据/sample1_standard\\70um 1um step_6.tif','./NUS 3D 数据/sample1_standard\\70um 1um step_7.tif',1.0,10.255970001220703,0.0
'./NUS 3D 数据/sample1_standard\\70um 1um step_6.tif','./NUS 3D 数据/sample1_standard\\70um 1um step_8.tif',1.0,41.77363967895508,0.0
'./NUS 3D 数据/sample1_standard\\70um 1um step_6.tif','./NUS 3D 数据/sample1_standard\\70um 1um step_9.tif',1.0,62.12095260620117,0.0
'./NUS 3D 数据/sample1_standard\\70um 1um step_7.tif','./NUS 3D 数据/sample1_standard\\70um 1um step_8.tif',1.0,39.702693939208984,0.0
'./NUS 3D 数据/sample1_standard\\70um 1um step_7.tif','./NUS 3D 数据/sample1_standard\\70um 1um step_9.tif',1.0,63.23295593261719,0.0
'./NUS 3D 数据/sample1_standard\\70um 1um step_8.tif','./NUS 3D 数据/sample1_standard\\70um 1um step_9.tif',1.0,100.6144790649414,0.0
