path_sample1,path_sample2,distance,loss
'./NUS 3D 数据\\sample1\\sample1 zscan 1xzoom 50um fiber 70um 1um step.tif','./NUS 3D 数据\\sample1\\sample1 zscan 1xzoom 50um fiber 70um 1um step.tif'),0.0003388065380476756,1.1478987022385106e-07
'./NUS 3D 数据\\sample1\\sample1 zscan 1xzoom 50um fiber 70um 1um step.tif','./NUS 3D 数据\\sample1\\sample1 zscan 1xzoom 50um fiber 70um 1um step_10.tif'),1.8096193674632575,0.03624478524509019
'./NUS 3D 数据\\sample1\\sample1 zscan 1xzoom 50um fiber 70um 1um step.tif','./NUS 3D 数据\\sample1\\sample1 zscan 1xzoom 50um fiber 70um 1um step_11.tif'),2.8920825613274768,0.0
'./NUS 3D 数据\\sample1\\sample1 zscan 1xzoom 50um fiber 70um 1um step.tif','./NUS 3D 数据\\sample1\\sample1 zscan 1xzoom 50um fiber 70um 1um step_12.tif'),1.2822260886484884,0.5151993878168476
'./NUS 3D 数据\\sample1\\sample1 zscan 1xzoom 50um fiber 70um 1um step.tif','./NUS 3D 数据\\sample1\\sample1 zscan 1xzoom 50um fiber 70um 1um step_13.tif'),0.9011273019812857,1.2075212064509289
'./NUS 3D 数据\\sample1\\sample1 zscan 1xzoom 50um fiber 70um 1um step.tif','./NUS 3D 数据\\sample1\\sample1 zscan 1xzoom 50um fiber 70um 1um step_14.tif'),3.3625420613182953,0.0
'./NUS 3D 数据\\sample1\\sample1 zscan 1xzoom 50um fiber 70um 1um step.tif','./NUS 3D 数据\\sample1\\sample1 zscan 1xzoom 50um fiber 70um 1um step_2.tif'),1.5300608456745963,0.22084280876807558
'./NUS 3D 数据\\sample1\\sample1 zscan 1xzoom 50um fiber 70um 1um step.tif','./NUS 3D 数据\\sample1\\sample1 zscan 1xzoom 50um fiber 70um 1um step_3.tif'),0.7305430128517832,1.611521042219428
'./NUS 3D 数据\\sample1\\sample1 zscan 1xzoom 50um fiber 70um 1um step.tif','./NUS 3D 数据\\sample1\\sample1 zscan 1xzoom 50um fiber 70um 1um step_4.tif'),0.8210141175451605,1.3900077110278164
'./NUS 3D 数据\\sample1\\sample1 zscan 1xzoom 50um fiber 70um 1um step.tif','./NUS 3D 数据\\sample1\\sample1 zscan 1xzoom 50um fiber 70um 1um step_5.tif'),1.889296740473234,0.012255211669850524
'./NUS 3D 数据\\sample1\\sample1 zscan 1xzoom 50um fiber 70um 1um step.tif','./NUS 3D 数据\\sample1\\sample1 zscan 1xzoom 50um fiber 70um 1um step_6.tif'),1.0916120521425179,0.8251686638127277
'./NUS 3D 数据\\sample1\\sample1 zscan 1xzoom 50um fiber 70um 1um step.tif','./NUS 3D 数据\\sample1\\sample1 zscan 1xzoom 50um fiber 70um 1um step_7.tif'),2.5252544123727922,0.0
'./NUS 3D 数据\\sample1\\sample1 zscan 1xzoom 50um fiber 70um 1um step.tif','./NUS 3D 数据\\sample1\\sample1 zscan 1xzoom 50um fiber 70um 1um step_8.tif'),0.8586362828391231,1.3027111348512945
'./NUS 3D 数据\\sample1\\sample1 zscan 1xzoom 50um fiber 70um 1um step.tif','./NUS 3D 数据\\sample1\\sample1 zscan 1xzoom 50um fiber 70um 1um step_9.tif'),1.1111703547484602,0.7900181382779782
'./NUS 3D 数据\\sample1\\sample1 zscan 1xzoom 50um fiber 70um 1um step.tif','./NUS 3D 数据\\sample2\\sample2 zscan 1xzoom 50um fiber 70um 1um step.tif'),3.7411299562122164,0.0
'./NUS 3D 数据\\sample1\\sample1 zscan 1xzoom 50um fiber 70um 1um step.tif','./NUS 3D 数据\\sample2\\sample2 zscan 1xzoom 50um fiber 70um 1um step_10.tif'),3.5533150038802805,0.0
'./NUS 3D 数据\\sample1\\sample1 zscan 1xzoom 50um fiber 70um 1um step.tif','./NUS 3D 数据\\sample2\\sample2 zscan 1xzoom 50um fiber 70um 1um step_2.tif'),3.5261575916715007,0.0
'./NUS 3D 数据\\sample1\\sample1 zscan 1xzoom 50um fiber 70um 1um step.tif','./NUS 3D 数据\\sample2\\sample2 zscan 1xzoom 50um fiber 70um 1um step_3.tif'),4.793722706704531,0.0
'./NUS 3D 数据\\sample1\\sample1 zscan 1xzoom 50um fiber 70um 1um step.tif','./NUS 3D 数据\\sample2\\sample2 zscan 1xzoom 50um fiber 70um 1um step_4.tif'),2.9760797180609155,0.0
'./NUS 3D 数据\\sample1\\sample1 zscan 1xzoom 50um fiber 70um 1um step.tif','./NUS 3D 数据\\sample2\\sample2 zscan 1xzoom 50um fiber 70um 1um step_5.tif'),2.814277481598092,0.0
'./NUS 3D 数据\\sample1\\sample1 zscan 1xzoom 50um fiber 70um 1um step.tif','./NUS 3D 数据\\sample2\\sample2 zscan 1xzoom 50um fiber 70um 1um step_6.tif'),3.175602875845922,0.0
'./NUS 3D 数据\\sample1\\sample1 zscan 1xzoom 50um fiber 70um 1um step.tif','./NUS 3D 数据\\sample2\\sample2 zscan 1xzoom 50um fiber 70um 1um step_7.tif'),3.2406469171223957,0.0
'./NUS 3D 数据\\sample1\\sample1 zscan 1xzoom 50um fiber 70um 1um step.tif','./NUS 3D 数据\\sample2\\sample2 zscan 1xzoom 50um fiber 70um 1um step_8.tif'),3.047558041243024,0.0
'./NUS 3D 数据\\sample1\\sample1 zscan 1xzoom 50um fiber 70um 1um step.tif','./NUS 3D 数据\\sample2\\sample2 zscan 1xzoom 50um fiber 70um 1um step_9.tif'),2.947636266616985,0.0
'./NUS 3D 数据\\sample1\\sample1 zscan 1xzoom 50um fiber 70um 1um step_10.tif','./NUS 3D 数据\\sample1\\sample1 zscan 1xzoom 50um fiber 70um 1um step_10.tif'),0.0006222770387199549,3.872287129180763e-07
'./NUS 3D 数据\\sample1\\sample1 zscan 1xzoom 50um fiber 70um 1um step_10.tif','./NUS 3D 数据\\sample1\\sample1 zscan 1xzoom 50um fiber 70um 1um step_11.tif'),4.358861556406701,0.0
'./NUS 3D 数据\\sample1\\sample1 zscan 1xzoom 50um fiber 70um 1um step_10.tif','./NUS 3D 数据\\sample1\\sample1 zscan 1xzoom 50um fiber 70um 1um step_12.tif'),2.7493714207302977,0.0
'./NUS 3D 数据\\sample1\\sample1 zscan 1xzoom 50um fiber 70um 1um step_10.tif','./NUS 3D 数据\\sample1\\sample1 zscan 1xzoom 50um fiber 70um 1um step_13.tif'),2.4788978167235425,0.0
'./NUS 3D 数据\\sample1\\sample1 zscan 1xzoom 50um fiber 70um 1um step_10.tif','./NUS 3D 数据\\sample1\\sample1 zscan 1xzoom 50um fiber 70um 1um step_14.tif'),4.807726050755794,0.0
'./NUS 3D 数据\\sample1\\sample1 zscan 1xzoom 50um fiber 70um 1um step_10.tif','./NUS 3D 数据\\sample1\\sample1 zscan 1xzoom 50um fiber 70um 1um step_2.tif'),1.857948930254417,0.02017850641586449
'./NUS 3D 数据\\sample1\\sample1 zscan 1xzoom 50um fiber 70um 1um step_10.tif','./NUS 3D 数据\\sample1\\sample1 zscan 1xzoom 50um fiber 70um 1um step_3.tif'),1.4886069350381754,0.2615228668910489
'./NUS 3D 数据\\sample1\\sample1 zscan 1xzoom 50um fiber 70um 1um step_10.tif','./NUS 3D 数据\\sample1\\sample1 zscan 1xzoom 50um fiber 70um 1um step_4.tif'),2.0872149438435015,0.0
'./NUS 3D 数据\\sample1\\sample1 zscan 1xzoom 50um fiber 70um 1um step_10.tif','./NUS 3D 数据\\sample1\\sample1 zscan 1xzoom 50um fiber 70um 1um step_5.tif'),1.445747638458032,0.3071956802748485
'./NUS 3D 数据\\sample1\\sample1 zscan 1xzoom 50um fiber 70um 1um step_10.tif','./NUS 3D 数据\\sample1\\sample1 zscan 1xzoom 50um fiber 70um 1um step_6.tif'),2.6506219486872027,0.0
'./NUS 3D 数据\\sample1\\sample1 zscan 1xzoom 50um fiber 70um 1um step_10.tif','./NUS 3D 数据\\sample1\\sample1 zscan 1xzoom 50um fiber 70um 1um step_7.tif'),2.25541508684846,0.0
'./NUS 3D 数据\\sample1\\sample1 zscan 1xzoom 50um fiber 70um 1um step_10.tif','./NUS 3D 数据\\sample1\\sample1 zscan 1xzoom 50um fiber 70um 1um step_8.tif'),1.6802857840246035,0.10221717989676249
'./NUS 3D 数据\\sample1\\sample1 zscan 1xzoom 50um fiber 70um 1um step_10.tif','./NUS 3D 数据\\sample1\\sample1 zscan 1xzoom 50um fiber 70um 1um step_9.tif'),2.4632611629994186,0.0
'./NUS 3D 数据\\sample1\\sample1 zscan 1xzoom 50um fiber 70um 1um step_10.tif','./NUS 3D 数据\\sample2\\sample2 zscan 1xzoom 50um fiber 70um 1um step.tif'),2.9819881253384026,0.0
'./NUS 3D 数据\\sample1\\sample1 zscan 1xzoom 50um fiber 70um 1um step_10.tif','./NUS 3D 数据\\sample2\\sample2 zscan 1xzoom 50um fiber 70um 1um step_10.tif'),2.7312713656110197,0.0
'./NUS 3D 数据\\sample1\\sample1 zscan 1xzoom 50um fiber 70um 1um step_10.tif','./NUS 3D 数据\\sample2\\sample2 zscan 1xzoom 50um fiber 70um 1um step_2.tif'),2.6020408153696004,0.0
'./NUS 3D 数据\\sample1\\sample1 zscan 1xzoom 50um fiber 70um 1um step_10.tif','./NUS 3D 数据\\sample2\\sample2 zscan 1xzoom 50um fiber 70um 1um step_3.tif'),3.766270331579508,0.0
'./NUS 3D 数据\\sample1\\sample1 zscan 1xzoom 50um fiber 70um 1um step_10.tif','./NUS 3D 数据\\sample2\\sample2 zscan 1xzoom 50um fiber 70um 1um step_4.tif'),2.3711140923064518,0.0
'./NUS 3D 数据\\sample1\\sample1 zscan 1xzoom 50um fiber 70um 1um step_10.tif','./NUS 3D 数据\\sample2\\sample2 zscan 1xzoom 50um fiber 70um 1um step_5.tif'),1.9283054245513345,0.0051401121487643945
'./NUS 3D 数据\\sample1\\sample1 zscan 1xzoom 50um fiber 70um 1um step_10.tif','./NUS 3D 数据\\sample2\\sample2 zscan 1xzoom 50um fiber 70um 1um step_6.tif'),2.3489680128844537,0.0
'./NUS 3D 数据\\sample1\\sample1 zscan 1xzoom 50um fiber 70um 1um step_10.tif','./NUS 3D 数据\\sample2\\sample2 zscan 1xzoom 50um fiber 70um 1um step_7.tif'),2.339827452339643,0.0
'./NUS 3D 数据\\sample1\\sample1 zscan 1xzoom 50um fiber 70um 1um step_10.tif','./NUS 3D 数据\\sample2\\sample2 zscan 1xzoom 50um fiber 70um 1um step_8.tif'),2.26973984789445,0.0
'./NUS 3D 数据\\sample1\\sample1 zscan 1xzoom 50um fiber 70um 1um step_10.tif','./NUS 3D 数据\\sample2\\sample2 zscan 1xzoom 50um fiber 70um 1um step_9.tif'),2.0800911733220824,0.0
'./NUS 3D 数据\\sample1\\sample1 zscan 1xzoom 50um fiber 70um 1um step_11.tif','./NUS 3D 数据\\sample1\\sample1 zscan 1xzoom 50um fiber 70um 1um step_11.tif'),0.0003396977062862732,1.1539453165615513e-07
'./NUS 3D 数据\\sample1\\sample1 zscan 1xzoom 50um fiber 70um 1um step_11.tif','./NUS 3D 数据\\sample1\\sample1 zscan 1xzoom 50um fiber 70um 1um step_12.tif'),2.1238139636287268,0.0
'./NUS 3D 数据\\sample1\\sample1 zscan 1xzoom 50um fiber 70um 1um step_11.tif','./NUS 3D 数据\\sample1\\sample1 zscan 1xzoom 50um fiber 70um 1um step_13.tif'),2.1969660914298794,0.0
'./NUS 3D 数据\\sample1\\sample1 zscan 1xzoom 50um fiber 70um 1um step_11.tif','./NUS 3D 数据\\sample1\\sample1 zscan 1xzoom 50um fiber 70um 1um step_14.tif'),1.6341312044048655,0.13385997559023433
'./NUS 3D 数据\\sample1\\sample1 zscan 1xzoom 50um fiber 70um 1um step_11.tif','./NUS 3D 数据\\sample1\\sample1 zscan 1xzoom 50um fiber 70um 1um step_2.tif'),3.967400463212757,0.0
'./NUS 3D 数据\\sample1\\sample1 zscan 1xzoom 50um fiber 70um 1um step_11.tif','./NUS 3D 数据\\sample1\\sample1 zscan 1xzoom 50um fiber 70um 1um step_3.tif'),3.5178880984222807,0.0
'./NUS 3D 数据\\sample1\\sample1 zscan 1xzoom 50um fiber 70um 1um step_11.tif','./NUS 3D 数据\\sample1\\sample1 zscan 1xzoom 50um fiber 70um 1um step_4.tif'),2.8702428850574515,0.0
'./NUS 3D 数据\\sample1\\sample1 zscan 1xzoom 50um fiber 70um 1um step_11.tif','./NUS 3D 数据\\sample1\\sample1 zscan 1xzoom 50um fiber 70um 1um step_5.tif'),4.730777997919484,0.0
'./NUS 3D 数据\\sample1\\sample1 zscan 1xzoom 50um fiber 70um 1um step_11.tif','./NUS 3D 数据\\sample1\\sample1 zscan 1xzoom 50um fiber 70um 1um step_6.tif'),2.1228177006693163,0.0
'./NUS 3D 数据\\sample1\\sample1 zscan 1xzoom 50um fiber 70um 1um step_11.tif','./NUS 3D 数据\\sample1\\sample1 zscan 1xzoom 50um fiber 70um 1um step_7.tif'),4.991600145672169,0.0
'./NUS 3D 数据\\sample1\\sample1 zscan 1xzoom 50um fiber 70um 1um step_11.tif','./NUS 3D 数据\\sample1\\sample1 zscan 1xzoom 50um fiber 70um 1um step_8.tif'),3.2411751759532277,0.0
'./NUS 3D 数据\\sample1\\sample1 zscan 1xzoom 50um fiber 70um 1um step_11.tif','./NUS 3D 数据\\sample1\\sample1 zscan 1xzoom 50um fiber 70um 1um step_9.tif'),2.5894388544242295,0.0
'./NUS 3D 数据\\sample1\\sample1 zscan 1xzoom 50um fiber 70um 1um step_11.tif','./NUS 3D 数据\\sample2\\sample2 zscan 1xzoom 50um fiber 70um 1um step.tif'),5.975129805160107,0.0
'./NUS 3D 数据\\sample1\\sample1 zscan 1xzoom 50um fiber 70um 1um step_11.tif','./NUS 3D 数据\\sample2\\sample2 zscan 1xzoom 50um fiber 70um 1um step_10.tif'),6.032174712279879,0.0
'./NUS 3D 数据\\sample1\\sample1 zscan 1xzoom 50um fiber 70um 1um step_11.tif','./NUS 3D 数据\\sample2\\sample2 zscan 1xzoom 50um fiber 70um 1um step_2.tif'),6.119166221095414,0.0
'./NUS 3D 数据\\sample1\\sample1 zscan 1xzoom 50um fiber 70um 1um step_11.tif','./NUS 3D 数据\\sample2\\sample2 zscan 1xzoom 50um fiber 70um 1um step_3.tif'),7.557248073477148,0.0
'./NUS 3D 数据\\sample1\\sample1 zscan 1xzoom 50um fiber 70um 1um step_11.tif','./NUS 3D 数据\\sample2\\sample2 zscan 1xzoom 50um fiber 70um 1um step_4.tif'),5.265888697222363,0.0
'./NUS 3D 数据\\sample1\\sample1 zscan 1xzoom 50um fiber 70um 1um step_11.tif','./NUS 3D 数据\\sample2\\sample2 zscan 1xzoom 50um fiber 70um 1um step_5.tif'),5.58065015614736,0.0
'./NUS 3D 数据\\sample1\\sample1 zscan 1xzoom 50um fiber 70um 1um step_11.tif','./NUS 3D 数据\\sample2\\sample2 zscan 1xzoom 50um fiber 70um 1um step_6.tif'),5.631332866238477,0.0
'./NUS 3D 数据\\sample1\\sample1 zscan 1xzoom 50um fiber 70um 1um step_11.tif','./NUS 3D 数据\\sample2\\sample2 zscan 1xzoom 50um fiber 70um 1um step_7.tif'),5.855125320692149,0.0
'./NUS 3D 数据\\sample1\\sample1 zscan 1xzoom 50um fiber 70um 1um step_11.tif','./NUS 3D 数据\\sample2\\sample2 zscan 1xzoom 50um fiber 70um 1um step_8.tif'),5.66614314850491,0.0
'./NUS 3D 数据\\sample1\\sample1 zscan 1xzoom 50um fiber 70um 1um step_11.tif','./NUS 3D 数据\\sample2\\sample2 zscan 1xzoom 50um fiber 70um 1um step_9.tif'),5.510523438034306,0.0
'./NUS 3D 数据\\sample1\\sample1 zscan 1xzoom 50um fiber 70um 1um step_12.tif','./NUS 3D 数据\\sample1\\sample1 zscan 1xzoom 50um fiber 70um 1um step_12.tif'),0.00034367970463959564,1.181157393811597e-07
'./NUS 3D 数据\\sample1\\sample1 zscan 1xzoom 50um fiber 70um 1um step_12.tif','./NUS 3D 数据\\sample1\\sample1 zscan 1xzoom 50um fiber 70um 1um step_13.tif'),0.6989354214182725,1.6927690376400486
'./NUS 3D 数据\\sample1\\sample1 zscan 1xzoom 50um fiber 70um 1um step_12.tif','./NUS 3D 数据\\sample1\\sample1 zscan 1xzoom 50um fiber 70um 1um step_14.tif'),2.379843798577041,0.0
'./NUS 3D 数据\\sample1\\sample1 zscan 1xzoom 50um fiber 70um 1um step_12.tif','./NUS 3D 数据\\sample1\\sample1 zscan 1xzoom 50um fiber 70um 1um step_2.tif'),2.237923681906043,0.0
'./NUS 3D 数据\\sample1\\sample1 zscan 1xzoom 50um fiber 70um 1um step_12.tif','./NUS 3D 数据\\sample1\\sample1 zscan 1xzoom 50um fiber 70um 1um step_3.tif'),1.8320171814781432,0.02821822731854708
'./NUS 3D 数据\\sample1\\sample1 zscan 1xzoom 50um fiber 70um 1um step_12.tif','./NUS 3D 数据\\sample1\\sample1 zscan 1xzoom 50um fiber 70um 1um step_4.tif'),1.1520618427514417,0.7189991185180807
'./NUS 3D 数据\\sample1\\sample1 zscan 1xzoom 50um fiber 70um 1um step_12.tif','./NUS 3D 数据\\sample1\\sample1 zscan 1xzoom 50um fiber 70um 1um step_5.tif'),2.98591665067091,0.0
'./NUS 3D 数据\\sample1\\sample1 zscan 1xzoom 50um fiber 70um 1um step_12.tif','./NUS 3D 数据\\sample1\\sample1 zscan 1xzoom 50um fiber 70um 1um step_6.tif'),0.6774637585781057,1.7491021098743513
'./NUS 3D 数据\\sample1\\sample1 zscan 1xzoom 50um fiber 70um 1um step_12.tif','./NUS 3D 数据\\sample1\\sample1 zscan 1xzoom 50um fiber 70um 1um step_7.tif'),3.5160958088352814,0.0
'./NUS 3D 数据\\sample1\\sample1 zscan 1xzoom 50um fiber 70um 1um step_12.tif','./NUS 3D 数据\\sample1\\sample1 zscan 1xzoom 50um fiber 70um 1um step_8.tif'),1.874162581031246,0.015835056012717702
'./NUS 3D 数据\\sample1\\sample1 zscan 1xzoom 50um fiber 70um 1um step_12.tif','./NUS 3D 数据\\sample1\\sample1 zscan 1xzoom 50um fiber 70um 1um step_9.tif'),1.2989162557331784,0.4915184164751861
'./NUS 3D 数据\\sample1\\sample1 zscan 1xzoom 50um fiber 70um 1um step_12.tif','./NUS 3D 数据\\sample2\\sample2 zscan 1xzoom 50um fiber 70um 1um step.tif'),4.7849014711933435,0.0
'./NUS 3D 数据\\sample1\\sample1 zscan 1xzoom 50um fiber 70um 1um step_12.tif','./NUS 3D 数据\\sample2\\sample2 zscan 1xzoom 50um fiber 70um 1um step_10.tif'),4.637258659713182,0.0
'./NUS 3D 数据\\sample1\\sample1 zscan 1xzoom 50um fiber 70um 1um step_12.tif','./NUS 3D 数据\\sample2\\sample2 zscan 1xzoom 50um fiber 70um 1um step_2.tif'),4.61144370113224,0.0
'./NUS 3D 数据\\sample1\\sample1 zscan 1xzoom 50um fiber 70um 1um step_12.tif','./NUS 3D 数据\\sample2\\sample2 zscan 1xzoom 50um fiber 70um 1um step_3.tif'),5.87637095400269,0.0
'./NUS 3D 数据\\sample1\\sample1 zscan 1xzoom 50um fiber 70um 1um step_12.tif','./NUS 3D 数据\\sample2\\sample2 zscan 1xzoom 50um fiber 70um 1um step_4.tif'),4.008012883371688,0.0
'./NUS 3D 数据\\sample1\\sample1 zscan 1xzoom 50um fiber 70um 1um step_12.tif','./NUS 3D 数据\\sample2\\sample2 zscan 1xzoom 50um fiber 70um 1um step_5.tif'),3.8787882055041565,0.0
'./NUS 3D 数据\\sample1\\sample1 zscan 1xzoom 50um fiber 70um 1um step_12.tif','./NUS 3D 数据\\sample2\\sample2 zscan 1xzoom 50um fiber 70um 1um step_6.tif'),4.261908601200387,0.0
'./NUS 3D 数据\\sample1\\sample1 zscan 1xzoom 50um fiber 70um 1um step_12.tif','./NUS 3D 数据\\sample2\\sample2 zscan 1xzoom 50um fiber 70um 1um step_7.tif'),4.333085700771966,0.0
'./NUS 3D 数据\\sample1\\sample1 zscan 1xzoom 50um fiber 70um 1um step_12.tif','./NUS 3D 数据\\sample2\\sample2 zscan 1xzoom 50um fiber 70um 1um step_8.tif'),4.11772274873204,0.0
'./NUS 3D 数据\\sample1\\sample1 zscan 1xzoom 50um fiber 70um 1um step_12.tif','./NUS 3D 数据\\sample2\\sample2 zscan 1xzoom 50um fiber 70um 1um step_9.tif'),4.034253466649665,0.0
'./NUS 3D 数据\\sample1\\sample1 zscan 1xzoom 50um fiber 70um 1um step_13.tif','./NUS 3D 数据\\sample1\\sample1 zscan 1xzoom 50um fiber 70um 1um step_13.tif'),0.00032115795361143415,1.0314243116788409e-07
'./NUS 3D 数据\\sample1\\sample1 zscan 1xzoom 50um fiber 70um 1um step_13.tif','./NUS 3D 数据\\sample1\\sample1 zscan 1xzoom 50um fiber 70um 1um step_14.tif'),2.6030104054106906,0.0
'./NUS 3D 数据\\sample1\\sample1 zscan 1xzoom 50um fiber 70um 1um step_13.tif','./NUS 3D 数据\\sample1\\sample1 zscan 1xzoom 50um fiber 70um 1um step_2.tif'),2.027359432001871,0.0
'./NUS 3D 数据\\sample1\\sample1 zscan 1xzoom 50um fiber 70um 1um step_13.tif','./NUS 3D 数据\\sample1\\sample1 zscan 1xzoom 50um fiber 70um 1um step_3.tif'),1.494759840676247,0.2552676185934913
'./NUS 3D 数据\\sample1\\sample1 zscan 1xzoom 50um fiber 70um 1um step_13.tif','./NUS 3D 数据\\sample1\\sample1 zscan 1xzoom 50um fiber 70um 1um step_4.tif'),0.9133960371740011,1.1807081720291648
'./NUS 3D 数据\\sample1\\sample1 zscan 1xzoom 50um fiber 70um 1um step_13.tif','./NUS 3D 数据\\sample1\\sample1 zscan 1xzoom 50um fiber 70um 1um step_5.tif'),2.702377950034216,0.0
'./NUS 3D 数据\\sample1\\sample1 zscan 1xzoom 50um fiber 70um 1um step_13.tif','./NUS 3D 数据\\sample1\\sample1 zscan 1xzoom 50um fiber 70um 1um step_6.tif'),0.46768505538937244,2.3479890894770703
'./NUS 3D 数据\\sample1\\sample1 zscan 1xzoom 50um fiber 70um 1um step_13.tif','./NUS 3D 数据\\sample1\\sample1 zscan 1xzoom 50um fiber 70um 1um step_7.tif'),3.278476517111675,0.0
'./NUS 3D 数据\\sample1\\sample1 zscan 1xzoom 50um fiber 70um 1um step_13.tif','./NUS 3D 数据\\sample1\\sample1 zscan 1xzoom 50um fiber 70um 1um step_8.tif'),1.5687492345947303,0.185977222662631
'./NUS 3D 数据\\sample1\\sample1 zscan 1xzoom 50um fiber 70um 1um step_13.tif','./NUS 3D 数据\\sample1\\sample1 zscan 1xzoom 50um fiber 70um 1um step_9.tif'),0.976967684900042,1.0465951177387793
'./NUS 3D 数据\\sample1\\sample1 zscan 1xzoom 50um fiber 70um 1um step_13.tif','./NUS 3D 数据\\sample2\\sample2 zscan 1xzoom 50um fiber 70um 1um step.tif'),4.469116077328061,0.0
'./NUS 3D 数据\\sample1\\sample1 zscan 1xzoom 50um fiber 70um 1um step_13.tif','./NUS 3D 数据\\sample2\\sample2 zscan 1xzoom 50um fiber 70um 1um step_10.tif'),4.317844284478163,0.0
'./NUS 3D 数据\\sample1\\sample1 zscan 1xzoom 50um fiber 70um 1um step_13.tif','./NUS 3D 数据\\sample2\\sample2 zscan 1xzoom 50um fiber 70um 1um step_2.tif'),4.337849935924644,0.0
'./NUS 3D 数据\\sample1\\sample1 zscan 1xzoom 50um fiber 70um 1um step_13.tif','./NUS 3D 数据\\sample2\\sample2 zscan 1xzoom 50um fiber 70um 1um step_3.tif'),5.612984324164169,0.0
'./NUS 3D 数据\\sample1\\sample1 zscan 1xzoom 50um fiber 70um 1um step_13.tif','./NUS 3D 数据\\sample2\\sample2 zscan 1xzoom 50um fiber 70um 1um step_4.tif'),3.735094830027981,0.0
'./NUS 3D 数据\\sample1\\sample1 zscan 1xzoom 50um fiber 70um 1um step_13.tif','./NUS 3D 数据\\sample2\\sample2 zscan 1xzoom 50um fiber 70um 1um step_5.tif'),3.605106195478208,0.0
'./NUS 3D 数据\\sample1\\sample1 zscan 1xzoom 50um fiber 70um 1um step_13.tif','./NUS 3D 数据\\sample2\\sample2 zscan 1xzoom 50um fiber 70um 1um step_6.tif'),3.9676069555215596,0.0
'./NUS 3D 数据\\sample1\\sample1 zscan 1xzoom 50um fiber 70um 1um step_13.tif','./NUS 3D 数据\\sample2\\sample2 zscan 1xzoom 50um fiber 70um 1um step_7.tif'),4.0653503471525845,0.0
'./NUS 3D 数据\\sample1\\sample1 zscan 1xzoom 50um fiber 70um 1um step_13.tif','./NUS 3D 数据\\sample2\\sample2 zscan 1xzoom 50um fiber 70um 1um step_8.tif'),3.882889740362232,0.0
'./NUS 3D 数据\\sample1\\sample1 zscan 1xzoom 50um fiber 70um 1um step_13.tif','./NUS 3D 数据\\sample2\\sample2 zscan 1xzoom 50um fiber 70um 1um step_9.tif'),3.7585845601286394,0.0
'./NUS 3D 数据\\sample1\\sample1 zscan 1xzoom 50um fiber 70um 1um step_14.tif','./NUS 3D 数据\\sample1\\sample1 zscan 1xzoom 50um fiber 70um 1um step_14.tif'),0.0003934144263974368,1.547749108976242e-07
'./NUS 3D 数据\\sample1\\sample1 zscan 1xzoom 50um fiber 70um 1um step_14.tif','./NUS 3D 数据\\sample1\\sample1 zscan 1xzoom 50um fiber 70um 1um step_2.tif'),4.186811335999171,0.0
'./NUS 3D 数据\\sample1\\sample1 zscan 1xzoom 50um fiber 70um 1um step_14.tif','./NUS 3D 数据\\sample1\\sample1 zscan 1xzoom 50um fiber 70um 1um step_3.tif'),3.967648452304443,0.0
'./NUS 3D 数据\\sample1\\sample1 zscan 1xzoom 50um fiber 70um 1um step_14.tif','./NUS 3D 数据\\sample1\\sample1 zscan 1xzoom 50um fiber 70um 1um step_4.tif'),3.2394222569743274,0.0
'./NUS 3D 数据\\sample1\\sample1 zscan 1xzoom 50um fiber 70um 1um step_14.tif','./NUS 3D 数据\\sample1\\sample1 zscan 1xzoom 50um fiber 70um 1um step_5.tif'),5.115090632920279,0.0
'./NUS 3D 数据\\sample1\\sample1 zscan 1xzoom 50um fiber 70um 1um step_14.tif','./NUS 3D 数据\\sample1\\sample1 zscan 1xzoom 50um fiber 70um 1um step_6.tif'),2.3684127773857373,0.0
'./NUS 3D 数据\\sample1\\sample1 zscan 1xzoom 50um fiber 70um 1um step_14.tif','./NUS 3D 数据\\sample1\\sample1 zscan 1xzoom 50um fiber 70um 1um step_7.tif'),5.570858155710431,0.0
'./NUS 3D 数据\\sample1\\sample1 zscan 1xzoom 50um fiber 70um 1um step_14.tif','./NUS 3D 数据\\sample1\\sample1 zscan 1xzoom 50um fiber 70um 1um step_8.tif'),3.905271815265773,0.0
'./NUS 3D 数据\\sample1\\sample1 zscan 1xzoom 50um fiber 70um 1um step_14.tif','./NUS 3D 数据\\sample1\\sample1 zscan 1xzoom 50um fiber 70um 1um step_9.tif'),3.104133830296552,0.0
'./NUS 3D 数据\\sample1\\sample1 zscan 1xzoom 50um fiber 70um 1um step_14.tif','./NUS 3D 数据\\sample2\\sample2 zscan 1xzoom 50um fiber 70um 1um step.tif'),6.849666602277519,0.0
'./NUS 3D 数据\\sample1\\sample1 zscan 1xzoom 50um fiber 70um 1um step_14.tif','./NUS 3D 数据\\sample2\\sample2 zscan 1xzoom 50um fiber 70um 1um step_10.tif'),6.641502236267233,0.0
'./NUS 3D 数据\\sample1\\sample1 zscan 1xzoom 50um fiber 70um 1um step_14.tif','./NUS 3D 数据\\sample2\\sample2 zscan 1xzoom 50um fiber 70um 1um step_2.tif'),6.731514261979973,0.0
'./NUS 3D 数据\\sample1\\sample1 zscan 1xzoom 50um fiber 70um 1um step_14.tif','./NUS 3D 数据\\sample2\\sample2 zscan 1xzoom 50um fiber 70um 1um step_3.tif'),7.9813741785846775,0.0
'./NUS 3D 数据\\sample1\\sample1 zscan 1xzoom 50um fiber 70um 1um step_14.tif','./NUS 3D 数据\\sample2\\sample2 zscan 1xzoom 50um fiber 70um 1um step_4.tif'),5.99545564521662,0.0
'./NUS 3D 数据\\sample1\\sample1 zscan 1xzoom 50um fiber 70um 1um step_14.tif','./NUS 3D 数据\\sample2\\sample2 zscan 1xzoom 50um fiber 70um 1um step_5.tif'),6.0429022941158905,0.0
'./NUS 3D 数据\\sample1\\sample1 zscan 1xzoom 50um fiber 70um 1um step_14.tif','./NUS 3D 数据\\sample2\\sample2 zscan 1xzoom 50um fiber 70um 1um step_6.tif'),6.278658699551224,0.0
'./NUS 3D 数据\\sample1\\sample1 zscan 1xzoom 50um fiber 70um 1um step_14.tif','./NUS 3D 数据\\sample2\\sample2 zscan 1xzoom 50um fiber 70um 1um step_7.tif'),6.45346978653598,0.0
'./NUS 3D 数据\\sample1\\sample1 zscan 1xzoom 50um fiber 70um 1um step_14.tif','./NUS 3D 数据\\sample2\\sample2 zscan 1xzoom 50um fiber 70um 1um step_8.tif'),6.16219362654431,0.0
'./NUS 3D 数据\\sample1\\sample1 zscan 1xzoom 50um fiber 70um 1um step_14.tif','./NUS 3D 数据\\sample2\\sample2 zscan 1xzoom 50um fiber 70um 1um step_9.tif'),6.153445374865937,0.0
'./NUS 3D 数据\\sample1\\sample1 zscan 1xzoom 50um fiber 70um 1um step_2.tif','./NUS 3D 数据\\sample1\\sample1 zscan 1xzoom 50um fiber 70um 1um step_2.tif'),0.00033011273190239657,1.0897441576406356e-07
'./NUS 3D 数据\\sample1\\sample1 zscan 1xzoom 50um fiber 70um 1um step_2.tif','./NUS 3D 数据\\sample1\\sample1 zscan 1xzoom 50um fiber 70um 1um step_3.tif'),1.0809330087033622,0.8446841344910542
'./NUS 3D 数据\\sample1\\sample1 zscan 1xzoom 50um fiber 70um 1um step_2.tif','./NUS 3D 数据\\sample1\\sample1 zscan 1xzoom 50um fiber 70um 1um step_4.tif'),1.6819426165158586,0.10116049918877816
'./NUS 3D 数据\\sample1\\sample1 zscan 1xzoom 50um fiber 70um 1um step_2.tif','./NUS 3D 数据\\sample1\\sample1 zscan 1xzoom 50um fiber 70um 1um step_5.tif'),1.5231289604960263,0.22740598831760045
'./NUS 3D 数据\\sample1\\sample1 zscan 1xzoom 50um fiber 70um 1um step_2.tif','./NUS 3D 数据\\sample1\\sample1 zscan 1xzoom 50um fiber 70um 1um step_6.tif'),2.1178412882188433,0.0
'./NUS 3D 数据\\sample1\\sample1 zscan 1xzoom 50um fiber 70um 1um step_2.tif','./NUS 3D 数据\\sample1\\sample1 zscan 1xzoom 50um fiber 70um 1um step_7.tif'),2.3586143891163576,0.0
'./NUS 3D 数据\\sample1\\sample1 zscan 1xzoom 50um fiber 70um 1um step_2.tif','./NUS 3D 数据\\sample1\\sample1 zscan 1xzoom 50um fiber 70um 1um step_8.tif'),1.539794422466458,0.211789173592981
'./NUS 3D 数据\\sample1\\sample1 zscan 1xzoom 50um fiber 70um 1um step_2.tif','./NUS 3D 数据\\sample1\\sample1 zscan 1xzoom 50um fiber 70um 1um step_9.tif'),2.124187291921606,0.0
'./NUS 3D 数据\\sample1\\sample1 zscan 1xzoom 50um fiber 70um 1um step_2.tif','./NUS 3D 数据\\sample2\\sample2 zscan 1xzoom 50um fiber 70um 1um step.tif'),3.538381550023066,0.0
'./NUS 3D 数据\\sample1\\sample1 zscan 1xzoom 50um fiber 70um 1um step_2.tif','./NUS 3D 数据\\sample2\\sample2 zscan 1xzoom 50um fiber 70um 1um step_10.tif'),3.053101147254369,0.0
'./NUS 3D 数据\\sample1\\sample1 zscan 1xzoom 50um fiber 70um 1um step_2.tif','./NUS 3D 数据\\sample2\\sample2 zscan 1xzoom 50um fiber 70um 1um step_2.tif'),3.098120995763421,0.0
'./NUS 3D 数据\\sample1\\sample1 zscan 1xzoom 50um fiber 70um 1um step_2.tif','./NUS 3D 数据\\sample2\\sample2 zscan 1xzoom 50um fiber 70um 1um step_3.tif'),4.0881329254189005,0.0
'./NUS 3D 数据\\sample1\\sample1 zscan 1xzoom 50um fiber 70um 1um step_2.tif','./NUS 3D 数据\\sample2\\sample2 zscan 1xzoom 50um fiber 70um 1um step_4.tif'),2.829757653266576,0.0
'./NUS 3D 数据\\sample1\\sample1 zscan 1xzoom 50um fiber 70um 1um step_2.tif','./NUS 3D 数据\\sample2\\sample2 zscan 1xzoom 50um fiber 70um 1um step_5.tif'),2.1541610263896964,0.0
'./NUS 3D 数据\\sample1\\sample1 zscan 1xzoom 50um fiber 70um 1um step_2.tif','./NUS 3D 数据\\sample2\\sample2 zscan 1xzoom 50um fiber 70um 1um step_6.tif'),2.80964625021013,0.0
'./NUS 3D 数据\\sample1\\sample1 zscan 1xzoom 50um fiber 70um 1um step_2.tif','./NUS 3D 数据\\sample2\\sample2 zscan 1xzoom 50um fiber 70um 1um step_7.tif'),2.757682554987431,0.0
'./NUS 3D 数据\\sample1\\sample1 zscan 1xzoom 50um fiber 70um 1um step_2.tif','./NUS 3D 数据\\sample2\\sample2 zscan 1xzoom 50um fiber 70um 1um step_8.tif'),2.611253759165946,0.0
'./NUS 3D 数据\\sample1\\sample1 zscan 1xzoom 50um fiber 70um 1um step_2.tif','./NUS 3D 数据\\sample2\\sample2 zscan 1xzoom 50um fiber 70um 1um step_9.tif'),2.6004686453380326,0.0
'./NUS 3D 数据\\sample1\\sample1 zscan 1xzoom 50um fiber 70um 1um step_3.tif','./NUS 3D 数据\\sample1\\sample1 zscan 1xzoom 50um fiber 70um 1um step_3.tif'),0.0003110338517286067,9.67420569211329e-08
'./NUS 3D 数据\\sample1\\sample1 zscan 1xzoom 50um fiber 70um 1um step_3.tif','./NUS 3D 数据\\sample1\\sample1 zscan 1xzoom 50um fiber 70um 1um step_4.tif'),1.1657058815473251,0.6960466760847259
'./NUS 3D 数据\\sample1\\sample1 zscan 1xzoom 50um fiber 70um 1um step_3.tif','./NUS 3D 数据\\sample1\\sample1 zscan 1xzoom 50um fiber 70um 1um step_5.tif'),1.320888147286487,0.4611929084959801
'./NUS 3D 数据\\sample1\\sample1 zscan 1xzoom 50um fiber 70um 1um step_3.tif','./NUS 3D 数据\\sample1\\sample1 zscan 1xzoom 50um fiber 70um 1um step_6.tif'),1.6841044080278877,0.09979002502741123
'./NUS 3D 数据\\sample1\\sample1 zscan 1xzoom 50um fiber 70um 1um step_3.tif','./NUS 3D 数据\\sample1\\sample1 zscan 1xzoom 50um fiber 70um 1um step_7.tif'),2.110671020538543,0.0
'./NUS 3D 数据\\sample1\\sample1 zscan 1xzoom 50um fiber 70um 1um step_3.tif','./NUS 3D 数据\\sample1\\sample1 zscan 1xzoom 50um fiber 70um 1um step_8.tif'),0.8119845475731299,1.411380715205021
'./NUS 3D 数据\\sample1\\sample1 zscan 1xzoom 50um fiber 70um 1um step_3.tif','./NUS 3D 数据\\sample1\\sample1 zscan 1xzoom 50um fiber 70um 1um step_9.tif'),1.5053211469262253,0.24470716767838516
'./NUS 3D 数据\\sample1\\sample1 zscan 1xzoom 50um fiber 70um 1um step_3.tif','./NUS 3D 数据\\sample2\\sample2 zscan 1xzoom 50um fiber 70um 1um step.tif'),3.256001026184613,0.0
'./NUS 3D 数据\\sample1\\sample1 zscan 1xzoom 50um fiber 70um 1um step_3.tif','./NUS 3D 数据\\sample2\\sample2 zscan 1xzoom 50um fiber 70um 1um step_10.tif'),2.9771503825870758,0.0
'./NUS 3D 数据\\sample1\\sample1 zscan 1xzoom 50um fiber 70um 1um step_3.tif','./NUS 3D 数据\\sample2\\sample2 zscan 1xzoom 50um fiber 70um 1um step_2.tif'),2.9692681874734346,0.0
'./NUS 3D 数据\\sample1\\sample1 zscan 1xzoom 50um fiber 70um 1um step_3.tif','./NUS 3D 数据\\sample2\\sample2 zscan 1xzoom 50um fiber 70um 1um step_3.tif'),4.165225315372913,0.0
'./NUS 3D 数据\\sample1\\sample1 zscan 1xzoom 50um fiber 70um 1um step_3.tif','./NUS 3D 数据\\sample2\\sample2 zscan 1xzoom 50um fiber 70um 1um step_4.tif'),2.550885226209813,0.0
'./NUS 3D 数据\\sample1\\sample1 zscan 1xzoom 50um fiber 70um 1um step_3.tif','./NUS 3D 数据\\sample2\\sample2 zscan 1xzoom 50um fiber 70um 1um step_5.tif'),2.1707964505515864,0.0
'./NUS 3D 数据\\sample1\\sample1 zscan 1xzoom 50um fiber 70um 1um step_3.tif','./NUS 3D 数据\\sample2\\sample2 zscan 1xzoom 50um fiber 70um 1um step_6.tif'),2.659011023473702,0.0
'./NUS 3D 数据\\sample1\\sample1 zscan 1xzoom 50um fiber 70um 1um step_3.tif','./NUS 3D 数据\\sample2\\sample2 zscan 1xzoom 50um fiber 70um 1um step_7.tif'),2.663531551373204,0.0
'./NUS 3D 数据\\sample1\\sample1 zscan 1xzoom 50um fiber 70um 1um step_3.tif','./NUS 3D 数据\\sample2\\sample2 zscan 1xzoom 50um fiber 70um 1um step_8.tif'),2.534206481756551,0.0
'./NUS 3D 数据\\sample1\\sample1 zscan 1xzoom 50um fiber 70um 1um step_3.tif','./NUS 3D 数据\\sample2\\sample2 zscan 1xzoom 50um fiber 70um 1um step_9.tif'),2.4016209355011573,0.0
'./NUS 3D 数据\\sample1\\sample1 zscan 1xzoom 50um fiber 70um 1um step_4.tif','./NUS 3D 数据\\sample1\\sample1 zscan 1xzoom 50um fiber 70um 1um step_4.tif'),0.0003718152726481954,1.382465969744519e-07
'./NUS 3D 数据\\sample1\\sample1 zscan 1xzoom 50um fiber 70um 1um step_4.tif','./NUS 3D 数据\\sample1\\sample1 zscan 1xzoom 50um fiber 70um 1um step_5.tif'),2.1985044548449193,0.0
'./NUS 3D 数据\\sample1\\sample1 zscan 1xzoom 50um fiber 70um 1um step_4.tif','./NUS 3D 数据\\sample1\\sample1 zscan 1xzoom 50um fiber 70um 1um step_6.tif'),1.1090123701538792,0.793858956538808
'./NUS 3D 数据\\sample1\\sample1 zscan 1xzoom 50um fiber 70um 1um step_4.tif','./NUS 3D 数据\\sample1\\sample1 zscan 1xzoom 50um fiber 70um 1um step_7.tif'),2.855433625601126,0.0
'./NUS 3D 数据\\sample1\\sample1 zscan 1xzoom 50um fiber 70um 1um step_4.tif','./NUS 3D 数据\\sample1\\sample1 zscan 1xzoom 50um fiber 70um 1um step_8.tif'),1.3482357803941805,0.424796597958383
'./NUS 3D 数据\\sample1\\sample1 zscan 1xzoom 50um fiber 70um 1um step_4.tif','./NUS 3D 数据\\sample1\\sample1 zscan 1xzoom 50um fiber 70um 1um step_9.tif'),1.206777669500592,0.6292016656029119
'./NUS 3D 数据\\sample1\\sample1 zscan 1xzoom 50um fiber 70um 1um step_4.tif','./NUS 3D 数据\\sample2\\sample2 zscan 1xzoom 50um fiber 70um 1um step.tif'),4.052440561956797,0.0
'./NUS 3D 数据\\sample1\\sample1 zscan 1xzoom 50um fiber 70um 1um step_4.tif','./NUS 3D 数据\\sample2\\sample2 zscan 1xzoom 50um fiber 70um 1um step_10.tif'),3.890348806517493,0.0
'./NUS 3D 数据\\sample1\\sample1 zscan 1xzoom 50um fiber 70um 1um step_4.tif','./NUS 3D 数据\\sample2\\sample2 zscan 1xzoom 50um fiber 70um 1um step_2.tif'),3.8269564257224165,0.0
'./NUS 3D 数据\\sample1\\sample1 zscan 1xzoom 50um fiber 70um 1um step_4.tif','./NUS 3D 数据\\sample2\\sample2 zscan 1xzoom 50um fiber 70um 1um step_3.tif'),5.063315791838148,0.0
'./NUS 3D 数据\\sample1\\sample1 zscan 1xzoom 50um fiber 70um 1um step_4.tif','./NUS 3D 数据\\sample2\\sample2 zscan 1xzoom 50um fiber 70um 1um step_4.tif'),3.3238396375958654,0.0
'./NUS 3D 数据\\sample1\\sample1 zscan 1xzoom 50um fiber 70um 1um step_4.tif','./NUS 3D 数据\\sample2\\sample2 zscan 1xzoom 50um fiber 70um 1um step_5.tif'),3.0898072182586556,0.0
'./NUS 3D 数据\\sample1\\sample1 zscan 1xzoom 50um fiber 70um 1um step_4.tif','./NUS 3D 数据\\sample2\\sample2 zscan 1xzoom 50um fiber 70um 1um step_6.tif'),3.50070322248768,0.0
'./NUS 3D 数据\\sample1\\sample1 zscan 1xzoom 50um fiber 70um 1um step_4.tif','./NUS 3D 数据\\sample2\\sample2 zscan 1xzoom 50um fiber 70um 1um step_7.tif'),3.5546098951380873,0.0
'./NUS 3D 数据\\sample1\\sample1 zscan 1xzoom 50um fiber 70um 1um step_4.tif','./NUS 3D 数据\\sample2\\sample2 zscan 1xzoom 50um fiber 70um 1um step_8.tif'),3.386250117166611,0.0
'./NUS 3D 数据\\sample1\\sample1 zscan 1xzoom 50um fiber 70um 1um step_4.tif','./NUS 3D 数据\\sample2\\sample2 zscan 1xzoom 50um fiber 70um 1um step_9.tif'),3.2714323003154933,0.0
'./NUS 3D 数据\\sample1\\sample1 zscan 1xzoom 50um fiber 70um 1um step_5.tif','./NUS 3D 数据\\sample1\\sample1 zscan 1xzoom 50um fiber 70um 1um step_5.tif'),0.000322655044551593,1.0410627777459049e-07
'./NUS 3D 数据\\sample1\\sample1 zscan 1xzoom 50um fiber 70um 1um step_5.tif','./NUS 3D 数据\\sample1\\sample1 zscan 1xzoom 50um fiber 70um 1um step_6.tif'),2.857685631161054,0.0
'./NUS 3D 数据\\sample1\\sample1 zscan 1xzoom 50um fiber 70um 1um step_5.tif','./NUS 3D 数据\\sample1\\sample1 zscan 1xzoom 50um fiber 70um 1um step_7.tif'),1.6594871685222214,0.11594898840101402
'./NUS 3D 数据\\sample1\\sample1 zscan 1xzoom 50um fiber 70um 1um step_5.tif','./NUS 3D 数据\\sample1\\sample1 zscan 1xzoom 50um fiber 70um 1um step_8.tif'),1.6702343547522358,0.10874538078567426
'./NUS 3D 数据\\sample1\\sample1 zscan 1xzoom 50um fiber 70um 1um step_5.tif','./NUS 3D 数据\\sample1\\sample1 zscan 1xzoom 50um fiber 70um 1um step_9.tif'),2.5752835778755188,0.0
'./NUS 3D 数据\\sample1\\sample1 zscan 1xzoom 50um fiber 70um 1um step_5.tif','./NUS 3D 数据\\sample2\\sample2 zscan 1xzoom 50um fiber 70um 1um step.tif'),2.7392549992570796,0.0
'./NUS 3D 数据\\sample1\\sample1 zscan 1xzoom 50um fiber 70um 1um step_5.tif','./NUS 3D 数据\\sample2\\sample2 zscan 1xzoom 50um fiber 70um 1um step_10.tif'),2.2218420387411464,0.0
'./NUS 3D 数据\\sample1\\sample1 zscan 1xzoom 50um fiber 70um 1um step_5.tif','./NUS 3D 数据\\sample2\\sample2 zscan 1xzoom 50um fiber 70um 1um step_2.tif'),2.034597515991098,0.0
'./NUS 3D 数据\\sample1\\sample1 zscan 1xzoom 50um fiber 70um 1um step_5.tif','./NUS 3D 数据\\sample2\\sample2 zscan 1xzoom 50um fiber 70um 1um step_3.tif'),3.0503184913642,0.0
'./NUS 3D 数据\\sample1\\sample1 zscan 1xzoom 50um fiber 70um 1um step_5.tif','./NUS 3D 数据\\sample2\\sample2 zscan 1xzoom 50um fiber 70um 1um step_4.tif'),2.088595686755208,0.0
'./NUS 3D 数据\\sample1\\sample1 zscan 1xzoom 50um fiber 70um 1um step_5.tif','./NUS 3D 数据\\sample2\\sample2 zscan 1xzoom 50um fiber 70um 1um step_5.tif'),1.2002511309820862,0.6395982534954322
'./NUS 3D 数据\\sample1\\sample1 zscan 1xzoom 50um fiber 70um 1um step_5.tif','./NUS 3D 数据\\sample2\\sample2 zscan 1xzoom 50um fiber 70um 1um step_6.tif'),1.947116073430485,0.0027967096894098444
'./NUS 3D 数据\\sample1\\sample1 zscan 1xzoom 50um fiber 70um 1um step_5.tif','./NUS 3D 数据\\sample2\\sample2 zscan 1xzoom 50um fiber 70um 1um step_7.tif'),1.7280149339566646,0.07397587615059752
'./NUS 3D 数据\\sample1\\sample1 zscan 1xzoom 50um fiber 70um 1um step_5.tif','./NUS 3D 数据\\sample2\\sample2 zscan 1xzoom 50um fiber 70um 1um step_8.tif'),1.5382057655935815,0.21325391493101023
'./NUS 3D 数据\\sample1\\sample1 zscan 1xzoom 50um fiber 70um 1um step_5.tif','./NUS 3D 数据\\sample2\\sample2 zscan 1xzoom 50um fiber 70um 1um step_9.tif'),1.617643132932748,0.14619677379348414
'./NUS 3D 数据\\sample1\\sample1 zscan 1xzoom 50um fiber 70um 1um step_6.tif','./NUS 3D 数据\\sample1\\sample1 zscan 1xzoom 50um fiber 70um 1um step_6.tif'),0.000361140698117316,1.3042260383666237e-07
'./NUS 3D 数据\\sample1\\sample1 zscan 1xzoom 50um fiber 70um 1um step_6.tif','./NUS 3D 数据\\sample1\\sample1 zscan 1xzoom 50um fiber 70um 1um step_7.tif'),3.4507719995649753,0.0
'./NUS 3D 数据\\sample1\\sample1 zscan 1xzoom 50um fiber 70um 1um step_6.tif','./NUS 3D 数据\\sample1\\sample1 zscan 1xzoom 50um fiber 70um 1um step_8.tif'),1.734841299496614,0.07030913645264433
'./NUS 3D 数据\\sample1\\sample1 zscan 1xzoom 50um fiber 70um 1um step_6.tif','./NUS 3D 数据\\sample1\\sample1 zscan 1xzoom 50um fiber 70um 1um step_9.tif'),1.2462279821981084,0.5681722548211352
'./NUS 3D 数据\\sample1\\sample1 zscan 1xzoom 50um fiber 70um 1um step_6.tif','./NUS 3D 数据\\sample2\\sample2 zscan 1xzoom 50um fiber 70um 1um step.tif'),4.679855864635461,0.0
'./NUS 3D 数据\\sample1\\sample1 zscan 1xzoom 50um fiber 70um 1um step_6.tif','./NUS 3D 数据\\sample2\\sample2 zscan 1xzoom 50um fiber 70um 1um step_10.tif'),4.489883871163079,0.0
'./NUS 3D 数据\\sample1\\sample1 zscan 1xzoom 50um fiber 70um 1um step_6.tif','./NUS 3D 数据\\sample2\\sample2 zscan 1xzoom 50um fiber 70um 1um step_2.tif'),4.521499296240529,0.0
'./NUS 3D 数据\\sample1\\sample1 zscan 1xzoom 50um fiber 70um 1um step_6.tif','./NUS 3D 数据\\sample2\\sample2 zscan 1xzoom 50um fiber 70um 1um step_3.tif'),5.776995836343787,0.0
'./NUS 3D 数据\\sample1\\sample1 zscan 1xzoom 50um fiber 70um 1um step_6.tif','./NUS 3D 数据\\sample2\\sample2 zscan 1xzoom 50um fiber 70um 1um step_4.tif'),3.909529824618045,0.0
'./NUS 3D 数据\\sample1\\sample1 zscan 1xzoom 50um fiber 70um 1um step_6.tif','./NUS 3D 数据\\sample2\\sample2 zscan 1xzoom 50um fiber 70um 1um step_5.tif'),3.7804633165281434,0.0
'./NUS 3D 数据\\sample1\\sample1 zscan 1xzoom 50um fiber 70um 1um step_6.tif','./NUS 3D 数据\\sample2\\sample2 zscan 1xzoom 50um fiber 70um 1um step_6.tif'),4.135266229253582,0.0
'./NUS 3D 数据\\sample1\\sample1 zscan 1xzoom 50um fiber 70um 1um step_6.tif','./NUS 3D 数据\\sample2\\sample2 zscan 1xzoom 50um fiber 70um 1um step_7.tif'),4.243863529122608,0.0
'./NUS 3D 数据\\sample1\\sample1 zscan 1xzoom 50um fiber 70um 1um step_6.tif','./NUS 3D 数据\\sample2\\sample2 zscan 1xzoom 50um fiber 70um 1um step_8.tif'),4.0309318559413425,0.0
'./NUS 3D 数据\\sample1\\sample1 zscan 1xzoom 50um fiber 70um 1um step_6.tif','./NUS 3D 数据\\sample2\\sample2 zscan 1xzoom 50um fiber 70um 1um step_9.tif'),3.959513378233276,0.0
'./NUS 3D 数据\\sample1\\sample1 zscan 1xzoom 50um fiber 70um 1um step_7.tif','./NUS 3D 数据\\sample1\\sample1 zscan 1xzoom 50um fiber 70um 1um step_7.tif'),0.0003912505151890094,1.5307696563566527e-07
'./NUS 3D 数据\\sample1\\sample1 zscan 1xzoom 50um fiber 70um 1um step_7.tif','./NUS 3D 数据\\sample1\\sample1 zscan 1xzoom 50um fiber 70um 1um step_8.tif'),2.1067602255113633,0.0
'./NUS 3D 数据\\sample1\\sample1 zscan 1xzoom 50um fiber 70um 1um step_7.tif','./NUS 3D 数据\\sample1\\sample1 zscan 1xzoom 50um fiber 70um 1um step_9.tif'),3.165980272927164,0.0
'./NUS 3D 数据\\sample1\\sample1 zscan 1xzoom 50um fiber 70um 1um step_7.tif','./NUS 3D 数据\\sample2\\sample2 zscan 1xzoom 50um fiber 70um 1um step.tif'),2.356296003059305,0.0
'./NUS 3D 数据\\sample1\\sample1 zscan 1xzoom 50um fiber 70um 1um step_7.tif','./NUS 3D 数据\\sample2\\sample2 zscan 1xzoom 50um fiber 70um 1um step_10.tif'),2.1737957203629,0.0
'./NUS 3D 数据\\sample1\\sample1 zscan 1xzoom 50um fiber 70um 1um step_7.tif','./NUS 3D 数据\\sample2\\sample2 zscan 1xzoom 50um fiber 70um 1um step_2.tif'),2.138754524574752,0.0
'./NUS 3D 数据\\sample1\\sample1 zscan 1xzoom 50um fiber 70um 1um step_7.tif','./NUS 3D 数据\\sample2\\sample2 zscan 1xzoom 50um fiber 70um 1um step_3.tif'),3.2724099054225553,0.0
'./NUS 3D 数据\\sample1\\sample1 zscan 1xzoom 50um fiber 70um 1um step_7.tif','./NUS 3D 数据\\sample2\\sample2 zscan 1xzoom 50um fiber 70um 1um step_4.tif'),1.9296112112320936,0.004954581584212952
'./NUS 3D 数据\\sample1\\sample1 zscan 1xzoom 50um fiber 70um 1um step_7.tif','./NUS 3D 数据\\sample2\\sample2 zscan 1xzoom 50um fiber 70um 1um step_5.tif'),1.794543589256043,0.04221233671578954
'./NUS 3D 数据\\sample1\\sample1 zscan 1xzoom 50um fiber 70um 1um step_7.tif','./NUS 3D 数据\\sample2\\sample2 zscan 1xzoom 50um fiber 70um 1um step_6.tif'),1.9779358087621701,0.00048682853497952874
'./NUS 3D 数据\\sample1\\sample1 zscan 1xzoom 50um fiber 70um 1um step_7.tif','./NUS 3D 数据\\sample2\\sample2 zscan 1xzoom 50um fiber 70um 1um step_7.tif'),1.8080668022394697,0.03683835240258283
'./NUS 3D 数据\\sample1\\sample1 zscan 1xzoom 50um fiber 70um 1um step_7.tif','./NUS 3D 数据\\sample2\\sample2 zscan 1xzoom 50um fiber 70um 1um step_8.tif'),1.8100652092667306,0.03607522473089082
'./NUS 3D 数据\\sample1\\sample1 zscan 1xzoom 50um fiber 70um 1um step_7.tif','./NUS 3D 数据\\sample2\\sample2 zscan 1xzoom 50um fiber 70um 1um step_9.tif'),1.7602359579869444,0.05748679584243827
'./NUS 3D 数据\\sample1\\sample1 zscan 1xzoom 50um fiber 70um 1um step_8.tif','./NUS 3D 数据\\sample1\\sample1 zscan 1xzoom 50um fiber 70um 1um step_8.tif'),0.0002844123728674012,8.089039784006564e-08
'./NUS 3D 数据\\sample1\\sample1 zscan 1xzoom 50um fiber 70um 1um step_8.tif','./NUS 3D 数据\\sample1\\sample1 zscan 1xzoom 50um fiber 70um 1um step_9.tif'),1.562608776272783,0.19131108259359245
'./NUS 3D 数据\\sample1\\sample1 zscan 1xzoom 50um fiber 70um 1um step_8.tif','./NUS 3D 数据\\sample2\\sample2 zscan 1xzoom 50um fiber 70um 1um step.tif'),3.066092636388546,0.0
'./NUS 3D 数据\\sample1\\sample1 zscan 1xzoom 50um fiber 70um 1um step_8.tif','./NUS 3D 数据\\sample2\\sample2 zscan 1xzoom 50um fiber 70um 1um step_10.tif'),2.9508231810009313,0.0
'./NUS 3D 数据\\sample1\\sample1 zscan 1xzoom 50um fiber 70um 1um step_8.tif','./NUS 3D 数据\\sample2\\sample2 zscan 1xzoom 50um fiber 70um 1um step_2.tif'),2.957341893975104,0.0
'./NUS 3D 数据\\sample1\\sample1 zscan 1xzoom 50um fiber 70um 1um step_8.tif','./NUS 3D 数据\\sample2\\sample2 zscan 1xzoom 50um fiber 70um 1um step_3.tif'),4.404173400588682,0.0
'./NUS 3D 数据\\sample1\\sample1 zscan 1xzoom 50um fiber 70um 1um step_8.tif','./NUS 3D 数据\\sample2\\sample2 zscan 1xzoom 50um fiber 70um 1um step_4.tif'),2.2784705861522245,0.0
'./NUS 3D 数据\\sample1\\sample1 zscan 1xzoom 50um fiber 70um 1um step_8.tif','./NUS 3D 数据\\sample2\\sample2 zscan 1xzoom 50um fiber 70um 1um step_5.tif'),2.4378551697406405,0.0
'./NUS 3D 数据\\sample1\\sample1 zscan 1xzoom 50um fiber 70um 1um step_8.tif','./NUS 3D 数据\\sample2\\sample2 zscan 1xzoom 50um fiber 70um 1um step_6.tif'),2.5498241554243255,0.0
'./NUS 3D 数据\\sample1\\sample1 zscan 1xzoom 50um fiber 70um 1um step_8.tif','./NUS 3D 数据\\sample2\\sample2 zscan 1xzoom 50um fiber 70um 1um step_7.tif'),2.653652865727304,0.0
'./NUS 3D 数据\\sample1\\sample1 zscan 1xzoom 50um fiber 70um 1um step_8.tif','./NUS 3D 数据\\sample2\\sample2 zscan 1xzoom 50um fiber 70um 1um step_8.tif'),2.515446727124346,0.0
'./NUS 3D 数据\\sample1\\sample1 zscan 1xzoom 50um fiber 70um 1um step_8.tif','./NUS 3D 数据\\sample2\\sample2 zscan 1xzoom 50um fiber 70um 1um step_9.tif'),2.347941933293573,0.0
'./NUS 3D 数据\\sample1\\sample1 zscan 1xzoom 50um fiber 70um 1um step_9.tif','./NUS 3D 数据\\sample1\\sample1 zscan 1xzoom 50um fiber 70um 1um step_9.tif'),0.00039374112574463803,1.5503207410265485e-07
'./NUS 3D 数据\\sample1\\sample1 zscan 1xzoom 50um fiber 70um 1um step_9.tif','./NUS 3D 数据\\sample2\\sample2 zscan 1xzoom 50um fiber 70um 1um step.tif'),4.224420402197349,0.0
'./NUS 3D 数据\\sample1\\sample1 zscan 1xzoom 50um fiber 70um 1um step_9.tif','./NUS 3D 数据\\sample2\\sample2 zscan 1xzoom 50um fiber 70um 1um step_10.tif'),4.0931704922523755,0.0
'./NUS 3D 数据\\sample1\\sample1 zscan 1xzoom 50um fiber 70um 1um step_9.tif','./NUS 3D 数据\\sample2\\sample2 zscan 1xzoom 50um fiber 70um 1um step_2.tif'),4.106594311823386,0.0
'./NUS 3D 数据\\sample1\\sample1 zscan 1xzoom 50um fiber 70um 1um step_9.tif','./NUS 3D 数据\\sample2\\sample2 zscan 1xzoom 50um fiber 70um 1um step_3.tif'),5.401239996784888,0.0
'./NUS 3D 数据\\sample1\\sample1 zscan 1xzoom 50um fiber 70um 1um step_9.tif','./NUS 3D 数据\\sample2\\sample2 zscan 1xzoom 50um fiber 70um 1um step_4.tif'),3.518323758161051,0.0
'./NUS 3D 数据\\sample1\\sample1 zscan 1xzoom 50um fiber 70um 1um step_9.tif','./NUS 3D 数据\\sample2\\sample2 zscan 1xzoom 50um fiber 70um 1um step_5.tif'),3.450601837721354,0.0
'./NUS 3D 数据\\sample1\\sample1 zscan 1xzoom 50um fiber 70um 1um step_9.tif','./NUS 3D 数据\\sample2\\sample2 zscan 1xzoom 50um fiber 70um 1um step_6.tif'),3.7914307510348215,0.0
'./NUS 3D 数据\\sample1\\sample1 zscan 1xzoom 50um fiber 70um 1um step_9.tif','./NUS 3D 数据\\sample2\\sample2 zscan 1xzoom 50um fiber 70um 1um step_7.tif'),3.8426775976725227,0.0
'./NUS 3D 数据\\sample1\\sample1 zscan 1xzoom 50um fiber 70um 1um step_9.tif','./NUS 3D 数据\\sample2\\sample2 zscan 1xzoom 50um fiber 70um 1um step_8.tif'),3.6870229794585203,0.0
'./NUS 3D 数据\\sample1\\sample1 zscan 1xzoom 50um fiber 70um 1um step_9.tif','./NUS 3D 数据\\sample2\\sample2 zscan 1xzoom 50um fiber 70um 1um step_9.tif'),3.5712782053044236,0.0
'./NUS 3D 数据\\sample2\\sample2 zscan 1xzoom 50um fiber 70um 1um step.tif','./NUS 3D 数据\\sample2\\sample2 zscan 1xzoom 50um fiber 70um 1um step.tif'),0.00036638037828116586,1.342345815894502e-07
'./NUS 3D 数据\\sample2\\sample2 zscan 1xzoom 50um fiber 70um 1um step.tif','./NUS 3D 数据\\sample2\\sample2 zscan 1xzoom 50um fiber 70um 1um step_10.tif'),1.6399957540108365,0.12960305713022613
'./NUS 3D 数据\\sample2\\sample2 zscan 1xzoom 50um fiber 70um 1um step.tif','./NUS 3D 数据\\sample2\\sample2 zscan 1xzoom 50um fiber 70um 1um step_2.tif'),1.7061398005426427,0.08635381682511782
'./NUS 3D 数据\\sample2\\sample2 zscan 1xzoom 50um fiber 70um 1um step.tif','./NUS 3D 数据\\sample2\\sample2 zscan 1xzoom 50um fiber 70um 1um step_3.tif'),2.966876989738304,0.0
'./NUS 3D 数据\\sample2\\sample2 zscan 1xzoom 50um fiber 70um 1um step.tif','./NUS 3D 数据\\sample2\\sample2 zscan 1xzoom 50um fiber 70um 1um step_4.tif'),1.4764838761942494,0.274069131884598
'./NUS 3D 数据\\sample2\\sample2 zscan 1xzoom 50um fiber 70um 1um step.tif','./NUS 3D 数据\\sample2\\sample2 zscan 1xzoom 50um fiber 70um 1um step_5.tif'),2.2523034100192465,0.0
'./NUS 3D 数据\\sample2\\sample2 zscan 1xzoom 50um fiber 70um 1um step.tif','./NUS 3D 数据\\sample2\\sample2 zscan 1xzoom 50um fiber 70um 1um step_6.tif'),1.5559732648183342,0.19715974155608917
'./NUS 3D 数据\\sample2\\sample2 zscan 1xzoom 50um fiber 70um 1um step.tif','./NUS 3D 数据\\sample2\\sample2 zscan 1xzoom 50um fiber 70um 1um step_7.tif'),1.5842415174024458,0.17285511585182078
'./NUS 3D 数据\\sample2\\sample2 zscan 1xzoom 50um fiber 70um 1um step.tif','./NUS 3D 数据\\sample2\\sample2 zscan 1xzoom 50um fiber 70um 1um step_8.tif'),2.1653231055435715,0.0
'./NUS 3D 数据\\sample2\\sample2 zscan 1xzoom 50um fiber 70um 1um step.tif','./NUS 3D 数据\\sample2\\sample2 zscan 1xzoom 50um fiber 70um 1um step_9.tif'),1.5623677578780386,0.19152197934469503
'./NUS 3D 数据\\sample2\\sample2 zscan 1xzoom 50um fiber 70um 1um step_10.tif','./NUS 3D 数据\\sample2\\sample2 zscan 1xzoom 50um fiber 70um 1um step_10.tif'),0.00031717115060057155,1.0059753877329043e-07
'./NUS 3D 数据\\sample2\\sample2 zscan 1xzoom 50um fiber 70um 1um step_10.tif','./NUS 3D 数据\\sample2\\sample2 zscan 1xzoom 50um fiber 70um 1um step_2.tif'),1.2967436882729304,0.4945694399839613
'./NUS 3D 数据\\sample2\\sample2 zscan 1xzoom 50um fiber 70um 1um step_10.tif','./NUS 3D 数据\\sample2\\sample2 zscan 1xzoom 50um fiber 70um 1um step_3.tif'),2.447027940116645,0.0
'./NUS 3D 数据\\sample2\\sample2 zscan 1xzoom 50um fiber 70um 1um step_10.tif','./NUS 3D 数据\\sample2\\sample2 zscan 1xzoom 50um fiber 70um 1um step_4.tif'),1.5370920795253342,0.2142837428381795
'./NUS 3D 数据\\sample2\\sample2 zscan 1xzoom 50um fiber 70um 1um step_10.tif','./NUS 3D 数据\\sample2\\sample2 zscan 1xzoom 50um fiber 70um 1um step_5.tif'),1.7206313674273683,0.07804683286550208
'./NUS 3D 数据\\sample2\\sample2 zscan 1xzoom 50um fiber 70um 1um step_10.tif','./NUS 3D 数据\\sample2\\sample2 zscan 1xzoom 50um fiber 70um 1um step_6.tif'),1.3135691358352313,0.4711873312779912
'./NUS 3D 数据\\sample2\\sample2 zscan 1xzoom 50um fiber 70um 1um step_10.tif','./NUS 3D 数据\\sample2\\sample2 zscan 1xzoom 50um fiber 70um 1um step_7.tif'),1.0595563334852476,0.8844342898877109
'./NUS 3D 数据\\sample2\\sample2 zscan 1xzoom 50um fiber 70um 1um step_10.tif','./NUS 3D 数据\\sample2\\sample2 zscan 1xzoom 50um fiber 70um 1um step_8.tif'),1.4953999357607886,0.2546212248302163
'./NUS 3D 数据\\sample2\\sample2 zscan 1xzoom 50um fiber 70um 1um step_10.tif','./NUS 3D 数据\\sample2\\sample2 zscan 1xzoom 50um fiber 70um 1um step_9.tif'),1.277338273721272,0.5222399706281513
'./NUS 3D 数据\\sample2\\sample2 zscan 1xzoom 50um fiber 70um 1um step_2.tif','./NUS 3D 数据\\sample2\\sample2 zscan 1xzoom 50um fiber 70um 1um step_2.tif'),0.00028844222075855616,8.319891471612764e-08
'./NUS 3D 数据\\sample2\\sample2 zscan 1xzoom 50um fiber 70um 1um step_2.tif','./NUS 3D 数据\\sample2\\sample2 zscan 1xzoom 50um fiber 70um 1um step_3.tif'),2.167080830597769,0.0
'./NUS 3D 数据\\sample2\\sample2 zscan 1xzoom 50um fiber 70um 1um step_2.tif','./NUS 3D 数据\\sample2\\sample2 zscan 1xzoom 50um fiber 70um 1um step_4.tif'),1.6510578282089052,0.12176063925428589
'./NUS 3D 数据\\sample2\\sample2 zscan 1xzoom 50um fiber 70um 1um step_2.tif','./NUS 3D 数据\\sample2\\sample2 zscan 1xzoom 50um fiber 70um 1um step_5.tif'),1.4472534194789082,0.30552878227775987
'./NUS 3D 数据\\sample2\\sample2 zscan 1xzoom 50um fiber 70um 1um step_2.tif','./NUS 3D 数据\\sample2\\sample2 zscan 1xzoom 50um fiber 70um 1um step_6.tif'),1.392976747057425,0.36847722961298535
'./NUS 3D 数据\\sample2\\sample2 zscan 1xzoom 50um fiber 70um 1um step_2.tif','./NUS 3D 数据\\sample2\\sample2 zscan 1xzoom 50um fiber 70um 1um step_7.tif'),0.7168605516912869,1.6464468438059885
'./NUS 3D 数据\\sample2\\sample2 zscan 1xzoom 50um fiber 70um 1um step_2.tif','./NUS 3D 数据\\sample2\\sample2 zscan 1xzoom 50um fiber 70um 1um step_8.tif'),1.2760024694987848,0.524172424171858
'./NUS 3D 数据\\sample2\\sample2 zscan 1xzoom 50um fiber 70um 1um step_2.tif','./NUS 3D 数据\\sample2\\sample2 zscan 1xzoom 50um fiber 70um 1um step_9.tif'),0.9387548836258215,1.1262411970280437
'./NUS 3D 数据\\sample2\\sample2 zscan 1xzoom 50um fiber 70um 1um step_3.tif','./NUS 3D 数据\\sample2\\sample2 zscan 1xzoom 50um fiber 70um 1um step_3.tif'),0.0003088238737633458,9.537218500619894e-08
'./NUS 3D 数据\\sample2\\sample2 zscan 1xzoom 50um fiber 70um 1um step_3.tif','./NUS 3D 数据\\sample2\\sample2 zscan 1xzoom 50um fiber 70um 1um step_4.tif'),3.1089458946862996,0.0
'./NUS 3D 数据\\sample2\\sample2 zscan 1xzoom 50um fiber 70um 1um step_3.tif','./NUS 3D 数据\\sample2\\sample2 zscan 1xzoom 50um fiber 70um 1um step_5.tif'),2.2881239240389015,0.0
'./NUS 3D 数据\\sample2\\sample2 zscan 1xzoom 50um fiber 70um 1um step_3.tif','./NUS 3D 数据\\sample2\\sample2 zscan 1xzoom 50um fiber 70um 1um step_6.tif'),2.5055240185299623,0.0
'./NUS 3D 数据\\sample2\\sample2 zscan 1xzoom 50um fiber 70um 1um step_3.tif','./NUS 3D 数据\\sample2\\sample2 zscan 1xzoom 50um fiber 70um 1um step_7.tif'),2.1196073997169997,0.0
'./NUS 3D 数据\\sample2\\sample2 zscan 1xzoom 50um fiber 70um 1um step_3.tif','./NUS 3D 数据\\sample2\\sample2 zscan 1xzoom 50um fiber 70um 1um step_8.tif'),2.3312923925156546,0.0
'./NUS 3D 数据\\sample2\\sample2 zscan 1xzoom 50um fiber 70um 1um step_3.tif','./NUS 3D 数据\\sample2\\sample2 zscan 1xzoom 50um fiber 70um 1um step_9.tif'),2.4190766285435674,0.0
'./NUS 3D 数据\\sample2\\sample2 zscan 1xzoom 50um fiber 70um 1um step_4.tif','./NUS 3D 数据\\sample2\\sample2 zscan 1xzoom 50um fiber 70um 1um step_4.tif'),0.00041842825845640703,1.7508220747486177e-07
'./NUS 3D 数据\\sample2\\sample2 zscan 1xzoom 50um fiber 70um 1um step_4.tif','./NUS 3D 数据\\sample2\\sample2 zscan 1xzoom 50um fiber 70um 1um step_5.tif'),1.995277505344566,2.230195577060328e-05
'./NUS 3D 数据\\sample2\\sample2 zscan 1xzoom 50um fiber 70um 1um step_4.tif','./NUS 3D 数据\\sample2\\sample2 zscan 1xzoom 50um fiber 70um 1um step_6.tif'),1.0774261324942624,0.8511425410044942
'./NUS 3D 数据\\sample2\\sample2 zscan 1xzoom 50um fiber 70um 1um step_4.tif','./NUS 3D 数据\\sample2\\sample2 zscan 1xzoom 50um fiber 70um 1um step_7.tif'),1.306420586664472,0.48105240260285514
'./NUS 3D 数据\\sample2\\sample2 zscan 1xzoom 50um fiber 70um 1um step_4.tif','./NUS 3D 数据\\sample2\\sample2 zscan 1xzoom 50um fiber 70um 1um step_8.tif'),1.3945035302283695,0.3666259749059071
'./NUS 3D 数据\\sample2\\sample2 zscan 1xzoom 50um fiber 70um 1um step_4.tif','./NUS 3D 数据\\sample2\\sample2 zscan 1xzoom 50um fiber 70um 1um step_9.tif'),1.2001984393787823,0.6396825363721353
'./NUS 3D 数据\\sample2\\sample2 zscan 1xzoom 50um fiber 70um 1um step_5.tif','./NUS 3D 数据\\sample2\\sample2 zscan 1xzoom 50um fiber 70um 1um step_5.tif'),0.00038247377503761854,1.4628618859152685e-07
'./NUS 3D 数据\\sample2\\sample2 zscan 1xzoom 50um fiber 70um 1um step_5.tif','./NUS 3D 数据\\sample2\\sample2 zscan 1xzoom 50um fiber 70um 1um step_6.tif'),1.6489531536701056,0.12323388831816447
'./NUS 3D 数据\\sample2\\sample2 zscan 1xzoom 50um fiber 70um 1um step_5.tif','./NUS 3D 数据\\sample2\\sample2 zscan 1xzoom 50um fiber 70um 1um step_7.tif'),1.1480381362282066,0.7258390173215078
'./NUS 3D 数据\\sample2\\sample2 zscan 1xzoom 50um fiber 70um 1um step_5.tif','./NUS 3D 数据\\sample2\\sample2 zscan 1xzoom 50um fiber 70um 1um step_8.tif'),1.4196355893421055,0.33682284915828514
'./NUS 3D 数据\\sample2\\sample2 zscan 1xzoom 50um fiber 70um 1um step_5.tif','./NUS 3D 数据\\sample2\\sample2 zscan 1xzoom 50um fiber 70um 1um step_9.tif'),1.2552048740001998,0.5547197797130583
'./NUS 3D 数据\\sample2\\sample2 zscan 1xzoom 50um fiber 70um 1um step_6.tif','./NUS 3D 数据\\sample2\\sample2 zscan 1xzoom 50um fiber 70um 1um step_6.tif'),0.00037451874077094806,1.402642871886566e-07
'./NUS 3D 数据\\sample2\\sample2 zscan 1xzoom 50um fiber 70um 1um step_6.tif','./NUS 3D 数据\\sample2\\sample2 zscan 1xzoom 50um fiber 70um 1um step_7.tif'),0.9178124717280245,1.1711298463474078
'./NUS 3D 数据\\sample2\\sample2 zscan 1xzoom 50um fiber 70um 1um step_6.tif','./NUS 3D 数据\\sample2\\sample2 zscan 1xzoom 50um fiber 70um 1um step_8.tif'),1.0895748439108013,0.8288739648400418
'./NUS 3D 数据\\sample2\\sample2 zscan 1xzoom 50um fiber 70um 1um step_6.tif','./NUS 3D 数据\\sample2\\sample2 zscan 1xzoom 50um fiber 70um 1um step_9.tif'),0.9405394284278482,1.1224567027159909
'./NUS 3D 数据\\sample2\\sample2 zscan 1xzoom 50um fiber 70um 1um step_7.tif','./NUS 3D 数据\\sample2\\sample2 zscan 1xzoom 50um fiber 70um 1um step_7.tif'),0.00036003891409333897,1.2962801966151073e-07
'./NUS 3D 数据\\sample2\\sample2 zscan 1xzoom 50um fiber 70um 1um step_7.tif','./NUS 3D 数据\\sample2\\sample2 zscan 1xzoom 50um fiber 70um 1um step_8.tif'),0.8589819579495741,1.3019221722845875
'./NUS 3D 数据\\sample2\\sample2 zscan 1xzoom 50um fiber 70um 1um step_7.tif','./NUS 3D 数据\\sample2\\sample2 zscan 1xzoom 50um fiber 70um 1um step_9.tif'),0.6058768183230255,1.94357944568913
'./NUS 3D 数据\\sample2\\sample2 zscan 1xzoom 50um fiber 70um 1um step_8.tif','./NUS 3D 数据\\sample2\\sample2 zscan 1xzoom 50um fiber 70um 1um step_8.tif'),0.0003514983242177101,1.2355107192785843e-07
'./NUS 3D 数据\\sample2\\sample2 zscan 1xzoom 50um fiber 70um 1um step_8.tif','./NUS 3D 数据\\sample2\\sample2 zscan 1xzoom 50um fiber 70um 1um step_9.tif'),0.9914627127152058,1.0171474598437715
'./NUS 3D 数据\\sample2\\sample2 zscan 1xzoom 50um fiber 70um 1um step_9.tif','./NUS 3D 数据\\sample2\\sample2 zscan 1xzoom 50um fiber 70um 1um step_9.tif'),0.00039477467906149326,1.55847047228105e-07
